,Anio,Mes,Semana,Hora,Viajes,Viajes_M,Viajes_F,Edad_Usuario,Duracion
0,2011,1,1,0,152,116.0,36.0,32.4671052631579,11.709320175438593
1,2011,1,1,6,186,132.0,54.0,34.295698924731184,6.818100358422943
2,2011,1,1,7,697,549.0,148.0,34.453371592539455,8.53940698230512
3,2011,1,1,8,1825,1365.0,460.0,34.24219178082192,8.887406392694054
4,2011,1,1,9,2658,2004.0,654.0,33.06245297215952,9.02372084273892
5,2011,1,1,10,1900,1396.0,504.0,34.724736842105266,11.1102894736842
6,2011,1,1,11,1951,1444.0,507.0,35.50128139415684,13.630018793780978
7,2011,1,1,12,2156,1562.0,594.0,35.64656771799629,15.434021335807074
8,2011,1,1,13,2557,1849.0,708.0,34.73914743840438,14.553767435797154
9,2011,1,1,14,3365,2511.0,854.0,34.22109955423477,12.57989103516592
10,2011,1,1,15,3429,2594.0,835.0,34.4076990376203,12.077816661806175
11,2011,1,1,16,2882,2126.0,756.0,33.995836224843856,13.122686791579927
12,2011,1,1,17,2656,1991.0,665.0,34.02673192771084,13.017206325301217
13,2011,1,1,18,3435,2550.0,885.0,32.873944687045125,12.266855895196501
14,2011,1,1,19,3181,2380.0,801.0,32.62024520591009,11.926632086346034
15,2011,1,1,20,2363,1744.0,619.0,32.67879813796022,11.792580053604174
16,2011,1,1,21,1424,1065.0,359.0,32.622191011235955,11.656858614232217
17,2011,1,1,22,822,617.0,205.0,32.51459854014598,11.985989456609923
18,2011,1,1,23,453,344.0,109.0,32.83443708609271,11.018285504047096
19,2011,1,2,0,157,132.0,25.0,31.585987261146496,12.648195329087049
20,2011,1,2,1,1,1.0,,37.0,61.68333333333333
21,2011,1,2,6,275,208.0,67.0,34.014545454545456,7.820848484848484
22,2011,1,2,7,1094,812.0,282.0,35.040219378427786,8.083196221815959
23,2011,1,2,8,2633,1933.0,700.0,33.9589821496392,8.74932269907584
24,2011,1,2,9,3456,2525.0,931.0,33.338541666666664,9.444106867283969
25,2011,1,2,10,2195,1618.0,577.0,34.680637813211845,11.559020501138985
26,2011,1,2,11,2197,1600.0,597.0,35.44333181611288,13.461735700197217
27,2011,1,2,12,2457,1799.0,658.0,35.11436711436711,15.293413376746736
28,2011,1,2,13,2896,2102.0,794.0,34.56698895027624,15.10843116942906
29,2011,1,2,14,3723,2777.0,946.0,33.773301101262426,13.29097502014503
30,2011,1,2,15,3530,2658.0,872.0,33.95297450424929,12.986128423040592
31,2011,1,2,16,3080,2298.0,782.0,33.98409090909091,13.559253246753213
32,2011,1,2,17,2695,1990.0,705.0,33.96400742115028,13.278695114409398
33,2011,1,2,18,3458,2533.0,925.0,32.96327356853673,12.259061114324265
34,2011,1,2,19,3192,2387.0,805.0,32.65068922305765,12.421961152882204
35,2011,1,2,20,2326,1730.0,596.0,32.71883061049011,11.890369733447985
36,2011,1,2,21,1702,1248.0,454.0,32.554054054054056,11.787965139052075
37,2011,1,2,22,1061,796.0,265.0,32.07540056550424,10.577348413446419
38,2011,1,2,23,542,414.0,128.0,32.62361623616236,10.505504305043058
39,2011,1,3,0,228,189.0,39.0,32.10964912280702,12.704532163742693
40,2011,1,3,1,3,2.0,1.0,30.333333333333332,57.46666666666667
41,2011,1,3,6,357,287.0,70.0,35.056022408963585,7.736694677871146
42,2011,1,3,7,1133,851.0,282.0,34.29126213592233,8.22846425419243
43,2011,1,3,8,2792,2061.0,731.0,33.96489971346705,8.981852913085001
44,2011,1,3,9,3569,2685.0,884.0,33.56542448865228,9.779625478658833
45,2011,1,3,10,2390,1746.0,644.0,34.67029288702929,11.77105997210596
46,2011,1,3,11,2454,1761.0,693.0,34.799103504482474,13.98429774517795
47,2011,1,3,12,2616,1901.0,715.0,34.914755351681954,15.600681702344533
48,2011,1,3,13,3153,2349.0,804.0,34.547732318426895,15.675985833597634
49,2011,1,3,14,4096,3042.0,1054.0,34.17919921875,13.000520833333361
50,2011,1,3,15,4224,3139.0,1085.0,33.97017045454545,12.47559185606061
51,2011,1,3,16,3751,2726.0,1025.0,33.939749400159954,12.991464498355981
52,2011,1,3,17,3290,2433.0,857.0,34.15106382978723,12.829665653495447
53,2011,1,3,18,4260,3105.0,1155.0,32.91525821596244,11.989264475743344
54,2011,1,3,19,3920,2923.0,997.0,32.567602040816325,11.882559523809501
55,2011,1,3,20,2961,2189.0,772.0,32.294157379263766,11.856737588652498
56,2011,1,3,21,1965,1443.0,522.0,32.74198473282443,12.055810008481775
57,2011,1,3,22,1372,1032.0,340.0,32.2201166180758,11.243306608357617
58,2011,1,3,23,658,511.0,147.0,31.583586626139816,10.434498480243164
59,2011,1,4,0,262,215.0,47.0,30.97328244274809,12.372455470737918
60,2011,1,4,1,2,2.0,,27.0,42.925
61,2011,1,4,6,417,322.0,95.0,33.3621103117506,7.1053157474020745
62,2011,1,4,7,1295,961.0,334.0,34.256370656370656,8.383796653796642
63,2011,1,4,8,3106,2283.0,823.0,33.98003863490019,9.112990985189946
64,2011,1,4,9,3863,2884.0,979.0,33.53947709034429,9.701302959703169
65,2011,1,4,10,2682,1980.0,702.0,34.98583146905295,11.929269202088006
66,2011,1,4,11,2586,1907.0,679.0,34.94972931167827,13.310582624387726
67,2011,1,4,12,2804,2030.0,774.0,34.85520684736091,15.332108892058976
68,2011,1,4,13,3160,2264.0,896.0,34.393037974683544,15.74010021097044
69,2011,1,4,14,3935,2920.0,1015.0,33.74027954256671,13.787772130453165
70,2011,1,4,15,3904,2915.0,989.0,33.75742827868852,13.638639856557417
71,2011,1,4,16,3493,2574.0,919.0,33.78986544517607,13.33390113560453
72,2011,1,4,17,3027,2210.0,817.0,33.77865873802445,14.126577469441704
73,2011,1,4,18,3733,2702.0,1031.0,33.047682828824,13.299446379140992
74,2011,1,4,19,3818,2774.0,1044.0,32.66657936092195,12.3608826610791
75,2011,1,4,20,3133,2320.0,813.0,32.67571018193425,11.886248537078417
76,2011,1,4,21,2163,1597.0,566.0,32.4539990753583,11.506094929881314
77,2011,1,4,22,1348,1017.0,331.0,32.07640949554896,11.374455984174077
78,2011,1,4,23,660,501.0,159.0,31.716666666666665,11.022550505050507
79,2011,1,5,0,30,20.0,10.0,31.933333333333334,9.528333333333332
80,2011,1,5,6,72,52.0,20.0,34.486111111111114,7.316666666666665
81,2011,1,5,7,233,164.0,69.0,33.51072961373391,7.901931330472098
82,2011,1,5,8,540,397.0,143.0,34.1037037037037,9.113456790123461
83,2011,1,5,9,737,560.0,177.0,33.24423337856174,9.21639529624604
84,2011,1,5,10,390,269.0,121.0,33.782051282051285,9.585854700854703
85,2011,1,5,11,345,254.0,91.0,34.95072463768116,11.185652173913038
86,2011,1,5,12,362,294.0,68.0,35.069060773480665,11.692311233885814
87,2011,1,5,13,446,343.0,103.0,33.89237668161435,11.804708520179377
88,2011,1,5,14,615,464.0,151.0,34.59512195121951,12.226612466124669
89,2011,1,5,15,773,590.0,183.0,34.61707632600259,11.913281586890907
90,2011,1,5,16,641,481.0,160.0,34.41965678627145,10.973946957878313
91,2011,1,5,17,542,405.0,137.0,34.199261992619924,12.646555965559644
92,2011,1,5,18,744,515.0,229.0,32.619623655913976,12.048409498207878
93,2011,1,5,19,811,584.0,227.0,32.66091245376079,12.446629675297986
94,2011,1,5,20,598,435.0,163.0,32.44983277591973,10.778623188405794
95,2011,1,5,21,358,259.0,99.0,31.90223463687151,10.378677839851024
96,2011,1,5,22,228,171.0,57.0,32.48684210526316,11.239473684210523
97,2011,1,5,23,100,77.0,23.0,29.09,10.867166666666664
98,2011,1,52,0,6,5.0,1.0,32.666666666666664,9.68888888888889
99,2011,1,52,5,1,1.0,,38.0,7.966666666666667
100,2011,1,52,6,2,2.0,,37.5,22.533333333333335
101,2011,1,52,7,15,12.0,3.0,34.53333333333333,9.404444444444444
102,2011,1,52,8,40,31.0,9.0,40.8,14.780416666666659
103,2011,1,52,9,88,64.0,24.0,37.90909090909091,16.67310606060607
104,2011,1,52,10,155,106.0,49.0,34.748387096774195,17.053440860215048
105,2011,1,52,11,239,162.0,77.0,35.35564853556485,20.745258019525796
106,2011,1,52,12,391,241.0,150.0,36.58056265984655,24.379198635976152
107,2011,1,52,13,454,297.0,157.0,35.16299559471366,23.486490455212937
108,2011,1,52,14,413,274.0,139.0,34.232445520581116,18.495076674737692
109,2011,1,52,15,305,201.0,104.0,33.28524590163934,18.477322404371584
110,2011,1,52,16,353,242.0,111.0,33.97450424929178,15.536638338054756
111,2011,1,52,17,330,234.0,96.0,33.160606060606064,16.182727272727266
112,2011,1,52,18,301,213.0,88.0,33.352159468438536,15.036600221483948
113,2011,1,52,19,237,173.0,64.0,33.0337552742616,13.447468354430386
114,2011,1,52,20,203,145.0,58.0,32.98029556650246,13.694581280788174
115,2011,1,52,21,157,107.0,50.0,32.28662420382165,13.294267515923568
116,2011,1,52,22,69,50.0,19.0,31.942028985507246,16.620289855072464
117,2011,1,52,23,25,22.0,3.0,34.28,10.988
118,2011,2,5,0,267,198.0,69.0,31.850187265917604,12.86760299625468
119,2011,2,5,1,6,5.0,1.0,26.833333333333332,50.81388888888889
120,2011,2,5,6,327,243.0,84.0,34.452599388379205,7.543374108053006
121,2011,2,5,7,1115,830.0,285.0,34.09058295964125,8.202272047832565
122,2011,2,5,8,2725,1973.0,752.0,33.95926605504587,9.714360856269094
123,2011,2,5,9,3355,2508.0,847.0,33.409538002980625,10.422886239443617
124,2011,2,5,10,2134,1519.0,615.0,35.10402999062793,12.616119962511727
125,2011,2,5,11,2063,1473.0,590.0,35.11924381968008,15.02148973986104
126,2011,2,5,12,2190,1556.0,634.0,34.97488584474886,17.19736681887364
127,2011,2,5,13,2463,1772.0,691.0,34.336581404790905,17.340695628637164
128,2011,2,5,14,3086,2231.0,855.0,33.86681788723266,13.8152138690862
129,2011,2,5,15,3100,2250.0,850.0,33.76709677419355,13.713381720430121
130,2011,2,5,16,2639,1909.0,730.0,33.744600227358845,14.332992295061276
131,2011,2,5,17,2202,1558.0,644.0,33.43369663941871,13.82879200726613
132,2011,2,5,18,2848,2089.0,759.0,33.19733146067416,13.16124180711612
133,2011,2,5,19,2829,2078.0,751.0,32.83951926475787,13.430075409449724
134,2011,2,5,20,2448,1830.0,618.0,32.674019607843135,12.766469226579515
135,2011,2,5,21,1797,1360.0,437.0,32.26488592097941,12.607568169170847
136,2011,2,5,22,1166,848.0,318.0,31.94253859348199,11.733447684391084
137,2011,2,5,23,660,512.0,148.0,32.14393939393939,10.068762626262625
138,2011,2,6,0,287,231.0,56.0,31.13240418118467,12.777061556329844
139,2011,2,6,1,5,4.0,1.0,38.0,39.3
140,2011,2,6,6,380,300.0,80.0,33.69210526315789,7.550964912280698
141,2011,2,6,7,1175,853.0,322.0,34.259574468085106,8.057191489361694
142,2011,2,6,8,2910,2094.0,816.0,33.9659793814433,9.291437571592198
143,2011,2,6,9,3498,2567.0,931.0,33.74013722126929,10.084734133790738
144,2011,2,6,10,2523,1803.0,720.0,34.569560047562426,11.40903025498742
145,2011,2,6,11,2601,1843.0,758.0,34.99769319492503,14.530968858131493
146,2011,2,6,12,2811,1992.0,819.0,34.99501956599075,15.654755128661195
147,2011,2,6,13,3324,2378.0,946.0,34.58453670276775,15.395407139991967
148,2011,2,6,14,4319,3100.0,1219.0,33.997221579069226,13.086389596357172
149,2011,2,6,15,4311,3129.0,1182.0,33.5479007190907,12.66347715147299
150,2011,2,6,16,3698,2676.0,1022.0,33.74040021633315,12.965954570037855
151,2011,2,6,17,3250,2323.0,927.0,33.93630769230769,12.783876923076933
152,2011,2,6,18,4227,3010.0,1217.0,32.90111189969245,12.533297847172928
153,2011,2,6,19,3893,2778.0,1115.0,32.683020806575904,12.80384450723521
154,2011,2,6,20,2950,2109.0,841.0,32.60135593220339,12.700271186440666
155,2011,2,6,21,2146,1567.0,579.0,32.38257222739981,12.160065237651446
156,2011,2,6,22,1291,965.0,326.0,32.0007745933385,10.969351923573457
157,2011,2,6,23,792,604.0,188.0,31.786616161616163,10.31100589225589
158,2011,2,7,0,215,182.0,33.0,31.413953488372094,11.743100775193799
159,2011,2,7,1,5,5.0,,35.2,42.406666666666666
160,2011,2,7,6,450,343.0,107.0,34.04222222222222,7.532259259259256
161,2011,2,7,7,1455,1071.0,384.0,34.404810996563576,7.805876288659806
162,2011,2,7,8,3452,2506.0,946.0,33.78360370799537,9.424174391656996
163,2011,2,7,9,4137,3082.0,1055.0,33.352187575537826,10.200705019740576
164,2011,2,7,10,2532,1847.0,685.0,35.00473933649289,12.585788572933106
165,2011,2,7,11,2557,1824.0,733.0,34.919045756746186,14.374253682701076
166,2011,2,7,12,2982,2145.0,837.0,34.57209926224011,15.597764363961549
167,2011,2,7,13,3392,2432.0,960.0,34.54923349056604,15.028572130503163
168,2011,2,7,14,4637,3429.0,1208.0,33.734742290273886,12.725835669613998
169,2011,2,7,15,4561,3396.0,1165.0,33.62771322078491,12.507220638748777
170,2011,2,7,16,4043,2981.0,1062.0,33.89760079149146,12.582962321708278
171,2011,2,7,17,3474,2527.0,947.0,33.73575129533679,12.840505661101556
172,2011,2,7,18,4330,3119.0,1211.0,33.2270207852194,12.471893764434185
173,2011,2,7,19,4011,2906.0,1105.0,32.97905759162304,12.842591207512704
174,2011,2,7,20,3055,2241.0,814.0,32.5152209492635,13.052198581560296
175,2011,2,7,21,2186,1614.0,572.0,32.28911253430924,11.640591643793847
176,2011,2,7,22,1341,1030.0,311.0,31.765846383296047,11.033880188913749
177,2011,2,7,23,621,483.0,138.0,31.650563607085346,10.541519055287173
178,2011,2,8,0,284,224.0,60.0,32.54577464788732,13.26379107981221
179,2011,2,8,1,6,6.0,,40.5,50.855555555555554
180,2011,2,8,6,453,337.0,116.0,34.45474613686534,7.50080941869022
181,2011,2,8,7,1571,1135.0,436.0,34.4373010821133,8.320952684065333
182,2011,2,8,8,3580,2625.0,955.0,33.63826815642458,9.367918994413424
183,2011,2,8,9,4132,3039.0,1093.0,33.38649564375605,9.998390609874154
184,2011,2,8,10,2852,2087.0,765.0,34.49649368863955,12.078284244974293
185,2011,2,8,11,2804,2073.0,731.0,34.84700427960057,13.325921302900612
186,2011,2,8,12,3117,2248.0,869.0,34.62111004170677,14.336835632552658
187,2011,2,8,13,3660,2656.0,1004.0,34.66912568306011,14.197782331511847
188,2011,2,8,14,4663,3427.0,1236.0,33.482521981556935,12.525763099578203
189,2011,2,8,15,4737,3470.0,1267.0,33.62571247625079,12.22699669270289
190,2011,2,8,16,4241,3138.0,1103.0,33.589719405800516,12.875760433859915
191,2011,2,8,17,3775,2777.0,998.0,33.58013245033113,12.96200000000001
192,2011,2,8,18,4879,3456.0,1423.0,32.91781102684976,12.289147366263604
193,2011,2,8,19,4498,3299.0,1199.0,32.83881725211205,12.252234326367255
194,2011,2,8,20,3294,2395.0,899.0,32.645719489981786,12.04749544626593
195,2011,2,8,21,2345,1724.0,621.0,32.79147121535181,12.553845060412224
196,2011,2,8,22,1628,1232.0,396.0,32.25429975429975,12.506019656019653
197,2011,2,8,23,959,789.0,170.0,32.10010427528676,10.595498783454989
198,2011,2,9,0,15,11.0,4.0,29.4,12.612222222222222
199,2011,2,9,6,67,51.0,16.0,35.38805970149254,7.549004975124378
200,2011,2,9,7,279,197.0,82.0,35.51971326164875,8.28393070489844
201,2011,2,9,8,668,481.0,187.0,32.91467065868263,8.748003992015972
202,2011,2,9,9,701,521.0,180.0,33.25249643366619,9.659510223490257
203,2011,2,9,10,414,305.0,109.0,34.92270531400966,9.547181964573273
204,2011,2,9,11,422,326.0,96.0,34.817535545023695,10.563744075829383
205,2011,2,9,12,371,275.0,96.0,35.34231805929919,12.000673854447433
206,2011,2,9,13,543,398.0,145.0,34.48066298342541,11.8720380601596
207,2011,2,9,14,726,570.0,156.0,33.87741046831956,11.102731864095498
208,2011,2,9,15,783,595.0,188.0,34.043422733077904,11.333375904640265
209,2011,2,9,16,637,484.0,153.0,34.03767660910518,11.812140240711663
210,2011,2,9,17,561,419.0,142.0,34.294117647058826,11.656981580510989
211,2011,2,9,18,855,601.0,254.0,32.8187134502924,11.467797270955177
212,2011,2,9,19,840,585.0,255.0,32.24047619047619,11.733829365079375
213,2011,2,9,20,614,448.0,166.0,32.767100977198695,11.46492942453854
214,2011,2,9,21,419,330.0,89.0,32.41527446300716,10.460023866348457
215,2011,2,9,22,277,219.0,58.0,32.30685920577617,10.6985559566787
216,2011,2,9,23,101,85.0,16.0,31.099009900990097,8.310066006600657
217,2011,3,9,0,278,213.0,65.0,31.384892086330936,12.794124700239818
218,2011,3,9,1,5,4.0,1.0,32.4,43.18666666666666
219,2011,3,9,6,435,335.0,100.0,34.46896551724138,7.575977011494251
220,2011,3,9,7,1319,971.0,348.0,34.81046247156937,8.382461460702556
221,2011,3,9,8,3139,2264.0,875.0,33.88435807582032,9.29047998300944
222,2011,3,9,9,3717,2750.0,967.0,33.94269572235674,10.27706483723433
223,2011,3,9,10,2446,1771.0,675.0,34.27473426001635,12.084396293267915
224,2011,3,9,11,2485,1818.0,667.0,34.925553319919516,13.726123407109343
225,2011,3,9,12,2732,2006.0,726.0,34.78477306002928,14.797376769155694
226,2011,3,9,13,3256,2339.0,917.0,34.139127764127764,14.393391687141673
227,2011,3,9,14,4133,3042.0,1091.0,33.83038954754416,12.586559399951586
228,2011,3,9,15,4014,2980.0,1034.0,33.75336322869955,12.579480152798533
229,2011,3,9,16,3558,2611.0,947.0,33.70826306913997,12.783989132471435
230,2011,3,9,17,3132,2257.0,875.0,33.8544061302682,12.989798850574722
231,2011,3,9,18,3998,2845.0,1153.0,33.152826413206604,12.004022844755744
232,2011,3,9,19,3803,2739.0,1064.0,32.62187746515909,12.457787711455873
233,2011,3,9,20,2605,1942.0,663.0,32.537044145873324,12.586833013435669
234,2011,3,9,21,1866,1394.0,472.0,32.747052518756696,11.717684887459788
235,2011,3,9,22,1202,945.0,257.0,31.896006655574045,11.646283971159175
236,2011,3,9,23,711,551.0,160.0,31.338959212376935,11.06608063759964
237,2011,3,10,0,270,211.0,59.0,31.381481481481483,13.41512345679012
238,2011,3,10,1,8,6.0,2.0,30.625,54.29375
239,2011,3,10,6,480,379.0,101.0,34.40208333333333,6.8789583333333395
240,2011,3,10,7,1763,1269.0,494.0,34.893930799773116,8.601465305350745
241,2011,3,10,8,3813,2808.0,1005.0,34.03933910306845,9.408798846052973
242,2011,3,10,9,4373,3248.0,1125.0,33.52549737022639,9.926736031709767
243,2011,3,10,10,2898,2118.0,780.0,34.74568668046929,11.90313434552565
244,2011,3,10,11,2826,2019.0,807.0,34.9242745930644,13.72973578674214
245,2011,3,10,12,3061,2198.0,863.0,34.79451159751715,14.70076772296634
246,2011,3,10,13,3758,2736.0,1022.0,34.30734433209154,14.544048252616689
247,2011,3,10,14,4939,3655.0,1284.0,33.602146183437945,12.186309644327444
248,2011,3,10,15,4899,3666.0,1233.0,33.87670953255766,12.228900455875342
249,2011,3,10,16,4269,3143.0,1126.0,34.23940032794565,12.310517685640646
250,2011,3,10,17,3659,2649.0,1010.0,33.188576113692264,12.587519358659012
251,2011,3,10,18,5172,3707.0,1465.0,33.01295436968291,11.962535447280228
252,2011,3,10,19,4752,3433.0,1319.0,32.88510101010101,12.26331018518519
253,2011,3,10,20,3323,2435.0,888.0,32.364429732169725,12.416501153576087
254,2011,3,10,21,2584,1924.0,660.0,32.3343653250774,11.79694272445821
255,2011,3,10,22,1666,1290.0,376.0,31.810924369747898,11.202621048419365
256,2011,3,10,23,778,605.0,173.0,31.898457583547557,11.497879177377879
257,2011,3,11,0,285,210.0,75.0,31.343859649122805,13.457953216374264
258,2011,3,11,1,14,9.0,5.0,27.357142857142858,51.959523809523816
259,2011,3,11,6,463,367.0,96.0,35.259179265658744,7.110079193664509
260,2011,3,11,7,1672,1224.0,448.0,34.788277511961724,8.203448963317381
261,2011,3,11,8,3855,2815.0,1040.0,33.77665369649805,9.048984003458719
262,2011,3,11,9,4188,3141.0,1047.0,33.348615090735436,9.833142311365794
263,2011,3,11,10,2825,2102.0,723.0,34.67185840707965,11.438902654867258
264,2011,3,11,11,2759,1991.0,768.0,34.78252990213846,13.002657967862735
265,2011,3,11,12,3096,2236.0,860.0,34.52325581395349,13.702508613264401
266,2011,3,11,13,3535,2585.0,950.0,34.43366336633663,13.93636020744929
267,2011,3,11,14,4798,3538.0,1260.0,33.99145477282201,12.360226483256882
268,2011,3,11,15,4782,3513.0,1269.0,33.48745294855709,12.304663320786275
269,2011,3,11,16,4106,3012.0,1094.0,33.59035557720409,12.233796070790723
270,2011,3,11,17,3507,2568.0,939.0,33.56372968349016,12.54575135443396
271,2011,3,11,18,4930,3510.0,1420.0,32.78600405679513,12.110567951318462
272,2011,3,11,19,4230,3096.0,1134.0,32.80709219858156,11.997955082742305
273,2011,3,11,20,3175,2316.0,859.0,32.55527559055118,12.424671916010492
274,2011,3,11,21,2283,1699.0,584.0,32.29172141918528,11.668878668418742
275,2011,3,11,22,1542,1200.0,342.0,32.23800259403372,11.518082576740165
276,2011,3,11,23,823,652.0,171.0,32.109356014580804,11.099878493317123
277,2011,3,12,0,286,221.0,65.0,31.433566433566433,12.543589743589747
278,2011,3,12,1,9,9.0,,27.77777777777778,45.81481481481481
279,2011,3,12,6,447,332.0,115.0,34.22818791946309,6.846495152870997
280,2011,3,12,7,1366,984.0,382.0,34.97657393850659,8.531966813079553
281,2011,3,12,8,3348,2419.0,929.0,34.03076463560335,9.323860015929908
282,2011,3,12,9,3768,2784.0,984.0,33.70567940552017,10.215366242038199
283,2011,3,12,10,2710,1960.0,750.0,34.58191881918819,11.965319803198046
284,2011,3,12,11,2691,1932.0,759.0,34.84986993682646,13.278520995912295
285,2011,3,12,12,3038,2157.0,881.0,34.9476629361422,14.53338270792188
286,2011,3,12,13,3508,2505.0,1003.0,34.44982896237172,14.408566134549615
287,2011,3,12,14,4575,3361.0,1214.0,33.80087431693989,12.55051001821492
288,2011,3,12,15,4277,3121.0,1156.0,33.56745382277297,12.79873743277997
289,2011,3,12,16,3991,2877.0,1114.0,33.30794287146079,12.78041008936773
290,2011,3,12,17,3459,2433.0,1026.0,33.64671870482798,12.580620603257215
291,2011,3,12,18,4559,3226.0,1333.0,32.87036630840097,12.573166630108958
292,2011,3,12,19,4353,3122.0,1231.0,32.57178957041121,12.611126426219492
293,2011,3,12,20,3098,2263.0,835.0,32.42059393156875,12.792834086507435
294,2011,3,12,21,2530,1832.0,698.0,32.35494071146245,12.695415019762837
295,2011,3,12,22,1583,1172.0,411.0,32.10170562223626,13.124184038744994
296,2011,3,12,23,796,618.0,178.0,31.39572864321608,12.078245393634834
297,2011,3,13,0,153,123.0,30.0,30.96732026143791,11.71677559912854
298,2011,3,13,1,3,3.0,,37.666666666666664,48.22777777777778
299,2011,3,13,6,432,320.0,112.0,34.673611111111114,6.951466049382712
300,2011,3,13,7,1330,965.0,365.0,34.46766917293233,8.369348370927314
301,2011,3,13,8,3140,2304.0,836.0,33.63726114649682,9.09279193205943
302,2011,3,13,9,3325,2486.0,839.0,33.461052631578944,9.562205513784471
303,2011,3,13,10,2050,1511.0,539.0,34.612682926829265,10.786512195121958
304,2011,3,13,11,1698,1297.0,401.0,34.78857479387515,11.08903612092659
305,2011,3,13,12,1827,1382.0,445.0,34.566502463054185,11.267058930852011
306,2011,3,13,13,2146,1673.0,473.0,34.66961789375583,10.869617893755814
307,2011,3,13,14,3288,2493.0,795.0,33.89933090024331,10.946624087591225
308,2011,3,13,15,3247,2428.0,819.0,33.389282414536495,11.503059234164835
309,2011,3,13,16,2743,2055.0,688.0,34.10098432373314,11.293948231862935
310,2011,3,13,17,2362,1739.0,623.0,33.769686706181204,11.933051086649725
311,2011,3,13,18,3563,2572.0,991.0,33.014875105248386,11.496533819814749
312,2011,3,13,19,3587,2582.0,1005.0,32.799275160301086,12.231419013102842
313,2011,3,13,20,2610,1886.0,724.0,32.42605363984674,11.82583652618135
314,2011,3,13,21,1797,1331.0,466.0,32.3322203672788,11.482999443516972
315,2011,3,13,22,1179,876.0,303.0,32.08566581849025,11.579770992366422
316,2011,3,13,23,530,401.0,129.0,32.594339622641506,11.951132075471698
317,2011,4,13,0,169,131.0,38.0,31.532544378698226,11.968441814595666
318,2011,4,13,1,2,2.0,,32.0,54.991666666666674
319,2011,4,13,6,131,107.0,24.0,35.099236641221374,8.045674300254452
320,2011,4,13,7,394,281.0,113.0,35.42893401015228,8.40033840947547
321,2011,4,13,8,1003,703.0,300.0,34.589232303090725,9.91829511465604
322,2011,4,13,9,1147,856.0,291.0,34.36791630340017,10.177172333623952
323,2011,4,13,10,1014,712.0,302.0,35.0138067061144,13.151347797501645
324,2011,4,13,11,1142,804.0,338.0,34.08756567425569,15.703312901342658
325,2011,4,13,12,1274,889.0,385.0,34.376766091051806,17.328283621140745
326,2011,4,13,13,1507,1048.0,459.0,34.1672196416722,17.492457420924577
327,2011,4,13,14,1709,1189.0,520.0,33.9133996489175,14.75822118197775
328,2011,4,13,15,1593,1144.0,449.0,33.56434400502197,13.687507846829899
329,2011,4,13,16,1487,1061.0,426.0,33.50773369199731,13.554057386236268
330,2011,4,13,17,1429,987.0,442.0,33.097270818754374,13.123734546302792
331,2011,4,13,18,1469,1037.0,432.0,33.13955071477196,13.86489675516223
332,2011,4,13,19,1411,1009.0,402.0,32.93763288447909,12.946810772501765
333,2011,4,13,20,1133,802.0,331.0,33.167696381288614,13.184613121506324
334,2011,4,13,21,895,630.0,265.0,32.320670391061455,12.791731843575425
335,2011,4,13,22,624,442.0,182.0,31.927884615384617,12.051522435897446
336,2011,4,13,23,418,327.0,91.0,32.32775119617225,12.35055821371611
337,2011,4,14,0,405,300.0,105.0,32.10617283950617,13.53378600823045
338,2011,4,14,1,10,10.0,,32.0,43.97333333333333
339,2011,4,14,6,513,370.0,143.0,34.5692007797271,7.346003898635484
340,2011,4,14,7,1601,1130.0,471.0,34.73891317926296,8.51831147199667
341,2011,4,14,8,3864,2817.0,1047.0,33.953416149068325,9.467003105590072
342,2011,4,14,9,4642,3487.0,1155.0,33.790392072382595,10.3703791469194
343,2011,4,14,10,2967,2134.0,833.0,34.697000337040784,11.675845410628018
344,2011,4,14,11,3004,2161.0,843.0,34.75665778961385,12.368874833555248
345,2011,4,14,12,3214,2369.0,845.0,35.28251400124456,13.75945861854387
346,2011,4,14,13,3734,2744.0,990.0,34.190680235672204,13.196036422067516
347,2011,4,14,14,4850,3547.0,1303.0,33.776082474226804,12.146766323024048
348,2011,4,14,15,4773,3530.0,1243.0,33.651372302535094,11.991479851944968
349,2011,4,14,16,4212,3132.0,1080.0,34.10660018993352,12.364502215891063
350,2011,4,14,17,3784,2750.0,1034.0,33.63345665961945,12.566455250176185
351,2011,4,14,18,4939,3544.0,1395.0,33.18768981575218,12.616727407707346
352,2011,4,14,19,5031,3611.0,1420.0,33.09719737626715,12.844732657523307
353,2011,4,14,20,3948,2869.0,1079.0,32.653242147923,13.067388551165136
354,2011,4,14,21,3180,2305.0,875.0,32.536477987421385,12.297756813417207
355,2011,4,14,22,1961,1474.0,487.0,31.896991330953597,12.176551079381293
356,2011,4,14,23,1031,812.0,219.0,32.36372453928225,12.119156159068861
357,2011,4,15,0,243,182.0,61.0,32.02880658436214,13.70404663923182
358,2011,4,15,1,12,9.0,3.0,30.416666666666668,53.15
359,2011,4,15,6,496,369.0,127.0,33.6875,6.714516129032254
360,2011,4,15,7,1525,1122.0,403.0,35.34754098360656,8.482885245901638
361,2011,4,15,8,4031,2926.0,1105.0,34.181840734309105,9.280294385181534
362,2011,4,15,9,4486,3389.0,1097.0,33.523406152474365,9.832322781988402
363,2011,4,15,10,3053,2223.0,830.0,34.693416311824436,11.267070640899657
364,2011,4,15,11,2810,2046.0,764.0,34.98007117437722,13.061613285883737
365,2011,4,15,12,2896,2168.0,728.0,35.06422651933702,13.425627302025758
366,2011,4,15,13,3516,2634.0,882.0,34.668657565415245,13.550331816458089
367,2011,4,15,14,4665,3508.0,1157.0,34.0096463022508,12.083604858878152
368,2011,4,15,15,4492,3318.0,1174.0,33.95614425645592,11.939555506084892
369,2011,4,15,16,3888,2914.0,974.0,33.828960905349795,11.649828532235917
370,2011,4,15,17,3318,2449.0,869.0,33.5497287522604,11.78205746433597
371,2011,4,15,18,4663,3390.0,1273.0,33.154621488312245,11.879312316820362
372,2011,4,15,19,4169,3035.0,1134.0,33.01391220916287,12.085072359478687
373,2011,4,15,20,3180,2314.0,866.0,32.79937106918239,11.769952830188686
374,2011,4,15,21,2426,1828.0,598.0,33.132316570486395,11.802507557021174
375,2011,4,15,22,1701,1279.0,422.0,32.01881246325691,12.205506564765825
376,2011,4,15,23,697,553.0,144.0,32.38880918220947,11.231946437111432
377,2011,4,16,0,242,176.0,66.0,31.14876033057851,14.367975206611577
378,2011,4,16,1,8,6.0,2.0,28.25,53.2625
379,2011,4,16,6,208,172.0,36.0,33.84615384615385,6.739743589743589
380,2011,4,16,7,717,561.0,156.0,35.73640167364017,8.267038586703858
381,2011,4,16,8,1937,1430.0,507.0,33.89261744966443,9.396704525899167
382,2011,4,16,9,2415,1788.0,627.0,34.15859213250518,9.914002760524498
383,2011,4,16,10,1979,1415.0,564.0,35.27943405760485,12.104429846723942
384,2011,4,16,11,2089,1513.0,576.0,35.747726184777406,13.836317217169327
385,2011,4,16,12,2388,1708.0,680.0,35.835008375209384,14.762716359575633
386,2011,4,16,13,2707,1973.0,734.0,35.15921684521611,14.756409309198386
387,2011,4,16,14,3414,2473.0,941.0,34.334504979496195,13.410027338410458
388,2011,4,16,15,2760,2011.0,749.0,34.289855072463766,13.120875603864754
389,2011,4,16,16,2401,1731.0,670.0,33.887546855476884,13.604241288352057
390,2011,4,16,17,2112,1534.0,578.0,33.18276515151515,13.502075441919192
391,2011,4,16,18,2772,1974.0,798.0,33.51443001443001,12.78551587301588
392,2011,4,16,19,3038,2173.0,865.0,33.31237656352864,13.081901470265535
393,2011,4,16,20,2431,1734.0,697.0,33.2538050185109,12.607658028246274
394,2011,4,16,21,1611,1175.0,436.0,32.44692737430167,12.586012828470917
395,2011,4,16,22,1189,916.0,273.0,32.00420521446594,12.105102326885342
396,2011,4,16,23,632,500.0,132.0,31.770569620253166,12.540532700421926
397,2011,4,17,0,229,182.0,47.0,32.10043668122271,15.441193595342062
398,2011,4,17,1,4,4.0,,41.25,48.58749999999999
399,2011,4,17,6,406,306.0,100.0,33.01724137931034,6.717692939244666
400,2011,4,17,7,1330,1011.0,319.0,34.67593984962406,8.909812030075168
401,2011,4,17,8,3372,2506.0,866.0,33.51660735468565,9.134321866350342
402,2011,4,17,9,3783,2892.0,891.0,33.34681469733016,9.25611948189268
403,2011,4,17,10,2455,1816.0,639.0,34.413441955193484,10.138397827562795
404,2011,4,17,11,2216,1691.0,525.0,35.338447653429604,11.543449157641426
405,2011,4,17,12,2291,1736.0,555.0,34.66564818856395,11.717525098210396
406,2011,4,17,13,2756,2153.0,603.0,34.67597968069666,11.477485486211915
407,2011,4,17,14,3652,2750.0,902.0,33.95810514786418,11.109921504198612
408,2011,4,17,15,3675,2749.0,926.0,34.029115646258504,11.640693877551042
409,2011,4,17,16,3356,2513.0,843.0,34.01698450536353,11.915877036154157
410,2011,4,17,17,2882,2115.0,767.0,33.72484385843165,12.513029146426094
411,2011,4,17,18,4196,3075.0,1121.0,33.23045757864633,11.325683190340007
412,2011,4,17,19,4357,3120.0,1237.0,32.584806059215055,12.50984622446637
413,2011,4,17,20,3337,2431.0,906.0,33.13724902607132,12.381590250724198
414,2011,4,17,21,2416,1733.0,683.0,32.62748344370861,12.174868929359834
415,2011,4,17,22,1544,1151.0,393.0,32.40155440414508,11.59826208981003
416,2011,4,17,23,782,602.0,180.0,32.671355498721226,11.819053708439897
417,2011,5,17,0,38,31.0,7.0,29.92105263157895,12.888157894736844
418,2011,5,17,6,12,7.0,5.0,30.5,10.85138888888889
419,2011,5,17,7,32,24.0,8.0,36.4375,9.561458333333334
420,2011,5,17,8,60,47.0,13.0,39.983333333333334,10.899444444444446
421,2011,5,17,9,169,122.0,47.0,36.37278106508876,14.631262327416177
422,2011,5,17,10,265,177.0,88.0,37.660377358490564,17.98528301886793
423,2011,5,17,11,383,248.0,135.0,35.4177545691906,19.647258485639682
424,2011,5,17,12,446,298.0,148.0,35.84080717488789,20.835687593423017
425,2011,5,17,13,426,284.0,142.0,36.086854460093896,21.989671361502356
426,2011,5,17,14,410,255.0,155.0,34.65121951219512,16.059959349593495
427,2011,5,17,15,321,212.0,109.0,34.18380062305296,14.15083073727933
428,2011,5,17,16,335,215.0,120.0,32.677611940298505,15.14656716417911
429,2011,5,17,17,305,206.0,99.0,33.35409836065574,13.179453551912568
430,2011,5,17,18,318,207.0,111.0,33.11006289308176,15.057023060796654
431,2011,5,17,19,312,218.0,94.0,33.56410256410256,12.074999999999992
432,2011,5,17,20,193,130.0,63.0,31.66321243523316,10.992400690846289
433,2011,5,17,21,63,49.0,14.0,31.126984126984127,12.0015873015873
434,2011,5,17,22,49,34.0,15.0,31.102040816326532,8.354761904761904
435,2011,5,17,23,30,26.0,4.0,30.6,6.964444444444445
436,2011,5,18,0,278,219.0,59.0,32.15467625899281,14.181534772182255
437,2011,5,18,1,6,4.0,2.0,24.166666666666668,47.28888888888889
438,2011,5,18,2,1,1.0,,51.0,6.433333333333334
439,2011,5,18,3,3,3.0,,21.666666666666668,20.166666666666668
440,2011,5,18,4,5,5.0,,31.0,20.06666666666667
441,2011,5,18,5,3,3.0,,24.0,41.4
442,2011,5,18,6,459,329.0,130.0,33.32461873638344,7.226434277414669
443,2011,5,18,7,1462,1058.0,404.0,35.68262653898769,8.836331509347914
444,2011,5,18,8,3559,2591.0,968.0,33.78168024726047,9.61917205207456
445,2011,5,18,9,4045,3065.0,980.0,33.79752781211372,9.784948496085695
446,2011,5,18,10,2710,1990.0,720.0,34.80147601476015,10.931027060270628
447,2011,5,18,11,2472,1827.0,645.0,35.44943365695793,12.23990695792881
448,2011,5,18,12,2759,2014.0,745.0,34.90358825661472,12.609858644436391
449,2011,5,18,13,3145,2322.0,823.0,34.6845786963434,12.056322204557494
450,2011,5,18,14,4216,3105.0,1111.0,34.454696394686906,11.715619070208701
451,2011,5,18,15,4094,2989.0,1105.0,34.103566194430876,11.851827878195708
452,2011,5,18,16,3618,2666.0,952.0,34.21448313985628,12.162866224433387
453,2011,5,18,17,3452,2523.0,929.0,33.91309385863268,12.464329857087662
454,2011,5,18,18,4534,3275.0,1259.0,33.343625937362155,11.673331127775333
455,2011,5,18,19,4300,3071.0,1229.0,33.25325581395349,12.240744186046479
456,2011,5,18,20,3179,2283.0,896.0,32.9754639823844,12.113300828352719
457,2011,5,18,21,2300,1693.0,607.0,32.694782608695654,11.253971014492741
458,2011,5,18,22,1357,1026.0,331.0,32.14591009579956,11.628666175386886
459,2011,5,18,23,697,552.0,145.0,32.33142037302726,11.663438546150163
460,2011,5,19,0,303,244.0,59.0,31.93069306930693,13.713311331133122
461,2011,5,19,1,10,6.0,4.0,36.7,44.58333333333333
462,2011,5,19,6,463,325.0,138.0,34.149028077753776,6.837940964722824
463,2011,5,19,7,1491,1083.0,408.0,34.74312541918176,8.629968701095466
464,2011,5,19,8,3492,2548.0,944.0,34.18127147766323,9.282965826651422
465,2011,5,19,9,3986,3003.0,983.0,33.509784244857,9.764910520153874
466,2011,5,19,10,2690,1992.0,698.0,35.03122676579925,11.188457249070652
467,2011,5,19,11,2593,1895.0,698.0,35.47666795217894,12.938038308265853
468,2011,5,19,12,2663,1982.0,681.0,34.78895981975216,13.463080485667804
469,2011,5,19,13,3103,2276.0,827.0,34.77634547212375,14.013637340208414
470,2011,5,19,14,4166,3035.0,1131.0,34.07657225156025,12.264710353656602
471,2011,5,19,15,3997,2936.0,1061.0,33.95896922692019,11.770294387457259
472,2011,5,19,16,3246,2418.0,828.0,34.30529882932841,11.644059355103707
473,2011,5,19,17,3167,2310.0,857.0,33.95200505209978,11.665577307651812
474,2011,5,19,18,4057,2890.0,1167.0,33.39610549667242,11.612476378276245
475,2011,5,19,19,3817,2732.0,1085.0,33.350537070998165,11.803593572613735
476,2011,5,19,20,2994,2168.0,826.0,33.07147628590514,11.689963259853041
477,2011,5,19,21,2144,1585.0,559.0,32.761660447761194,11.400287624378096
478,2011,5,19,22,1448,1077.0,371.0,32.29488950276243,11.18478360957643
479,2011,5,19,23,737,576.0,161.0,32.47625508819539,11.36910900045229
480,2011,5,20,0,254,190.0,64.0,31.905511811023622,14.646128608923885
481,2011,5,20,1,3,3.0,,48.666666666666664,48.48333333333333
482,2011,5,20,6,376,281.0,95.0,34.284574468085104,7.4307180851063865
483,2011,5,20,7,1570,1147.0,423.0,35.06624203821656,8.508290870488334
484,2011,5,20,8,3720,2665.0,1055.0,33.94865591397849,9.266913082437297
485,2011,5,20,9,4114,3036.0,1078.0,33.46183762761303,9.729464430400242
486,2011,5,20,10,2851,2102.0,749.0,34.628200631357416,11.559452823570666
487,2011,5,20,11,2539,1863.0,676.0,35.28790862544309,13.349277930943938
488,2011,5,20,12,2708,1986.0,722.0,34.9135893648449,13.192989906450046
489,2011,5,20,13,3108,2314.0,794.0,35.00836550836551,13.185360360360367
490,2011,5,20,14,4123,3017.0,1106.0,34.02207130730051,12.031417252809439
491,2011,5,20,15,4167,3000.0,1167.0,34.01823854091673,12.329625629949613
492,2011,5,20,16,3747,2733.0,1014.0,34.15745930077395,12.120714349257184
493,2011,5,20,17,3552,2559.0,993.0,33.67370495495496,12.615807995495521
494,2011,5,20,18,4687,3365.0,1322.0,32.961169191380414,11.936121186259882
495,2011,5,20,19,4506,3196.0,1310.0,32.744340878828226,12.399985204911971
496,2011,5,20,20,3537,2510.0,1027.0,32.8490245971162,12.425054189049066
497,2011,5,20,21,2408,1697.0,711.0,32.40573089700997,12.2419988925803
498,2011,5,20,22,1430,1054.0,376.0,32.23006993006993,11.426993006993007
499,2011,5,20,23,817,630.0,187.0,32.421052631578945,11.934067727458187
500,2011,5,21,0,369,265.0,104.0,32.64769647696477,15.12940379403793
501,2011,5,21,1,9,7.0,2.0,37.44444444444444,49.98518518518518
502,2011,5,21,6,492,364.0,128.0,33.9410569105691,7.141395663956638
503,2011,5,21,7,1568,1146.0,422.0,34.85522959183673,8.773979591836742
504,2011,5,21,8,3797,2754.0,1043.0,33.94469317882539,9.385312966376958
505,2011,5,21,9,4187,3156.0,1031.0,33.618820157630765,9.773668497731075
506,2011,5,21,10,2798,2021.0,777.0,34.92601858470336,11.441952585179893
507,2011,5,21,11,2612,1908.0,704.0,34.90467075038285,12.695756763654916
508,2011,5,21,12,2726,1984.0,742.0,34.852164343360236,13.487258498410355
509,2011,5,21,13,3211,2362.0,849.0,34.909374026782935,12.930867850098625
510,2011,5,21,14,3972,2896.0,1076.0,34.806394763343405,11.823770560590809
511,2011,5,21,15,3879,2858.0,1021.0,33.81026037638566,12.08430437397959
512,2011,5,21,16,3552,2612.0,940.0,34.24718468468468,12.114620870870866
513,2011,5,21,17,3482,2541.0,941.0,34.182940838598505,12.169356691556601
514,2011,5,21,18,4508,3212.0,1296.0,32.86490683229814,11.706137237503688
515,2011,5,21,19,4781,3366.0,1415.0,33.0719514745869,12.187192358641857
516,2011,5,21,20,3910,2796.0,1114.0,33.274424552429664,13.079394714407544
517,2011,5,21,21,2632,1858.0,774.0,32.777355623100306,13.19955673758862
518,2011,5,21,22,1874,1367.0,507.0,32.32550693703308,14.328308431163302
519,2011,5,21,23,959,743.0,216.0,32.18873826903024,14.24264859228363
520,2011,5,22,0,61,48.0,13.0,31.475409836065573,15.364480874316934
521,2011,5,22,1,3,3.0,,44.0,46.52777777777777
522,2011,5,22,6,179,128.0,51.0,32.69832402234637,7.224860335195526
523,2011,5,22,7,606,443.0,163.0,34.693069306930695,8.437843784378439
524,2011,5,22,8,1476,1064.0,412.0,33.68428184281843,9.355081300812998
525,2011,5,22,9,1534,1143.0,391.0,33.782920469361144,9.158116036505875
526,2011,5,22,10,886,681.0,205.0,35.10948081264108,9.698288186606481
527,2011,5,22,11,836,619.0,217.0,35.421052631578945,10.684928229665077
528,2011,5,22,12,833,624.0,209.0,35.11524609843938,11.047979191676676
529,2011,5,22,13,1022,758.0,264.0,34.47358121330724,10.909849967384218
530,2011,5,22,14,1442,1071.0,371.0,34.33148404993065,10.778617660656494
531,2011,5,22,15,1413,1083.0,330.0,34.74168435951876,11.183203585751347
532,2011,5,22,16,1277,975.0,302.0,34.74784651527016,11.385121378230235
533,2011,5,22,17,1278,935.0,343.0,34.028169014084504,11.292788210745965
534,2011,5,22,18,1490,1057.0,433.0,32.995302013422815,10.890492170022378
535,2011,5,22,19,1327,946.0,381.0,32.823662396382815,11.543820648078386
536,2011,5,22,20,1199,870.0,329.0,32.59799833194329,11.130455935501788
537,2011,5,22,21,878,633.0,245.0,33.42596810933941,11.347911921032658
538,2011,5,22,22,559,438.0,121.0,32.48837209302326,9.977817531305913
539,2011,5,22,23,224,176.0,48.0,33.232142857142854,11.619047619047612
540,2011,6,22,0,227,183.0,44.0,33.27753303964758,12.960719530102788
541,2011,6,22,1,10,8.0,2.0,29.6,55.075
542,2011,6,22,6,264,201.0,63.0,34.01136363636363,7.423295454545455
543,2011,6,22,7,1021,763.0,258.0,35.39862879529873,8.62401240613778
544,2011,6,22,8,2268,1629.0,639.0,34.029982363315696,9.091460905349793
545,2011,6,22,9,2638,1919.0,719.0,33.93025018953753,9.565125094768755
546,2011,6,22,10,1838,1359.0,479.0,34.64961915125136,11.657580703663387
547,2011,6,22,11,1814,1280.0,534.0,34.98235942668137,13.506293642043365
548,2011,6,22,12,1915,1353.0,562.0,34.84386422976501,14.439495213228891
549,2011,6,22,13,2227,1668.0,559.0,35.01706331387517,14.560874120640628
550,2011,6,22,14,2723,1962.0,761.0,34.096951891296364,12.40960337862652
551,2011,6,22,15,2673,1977.0,696.0,34.464646464646464,12.492280833021578
552,2011,6,22,16,2329,1685.0,644.0,34.13825676255904,12.516995849434693
553,2011,6,22,17,2206,1611.0,595.0,33.45829555757026,12.666115140525832
554,2011,6,22,18,2800,2007.0,793.0,33.23357142857143,12.093886904761883
555,2011,6,22,19,3004,2141.0,863.0,33.19440745672437,12.242410119840223
556,2011,6,22,20,2466,1773.0,693.0,33.05352798053528,12.308346850500115
557,2011,6,22,21,1695,1243.0,452.0,33.100884955752214,11.490619469026552
558,2011,6,22,22,1094,835.0,259.0,32.37385740402194,10.862065813528346
559,2011,6,22,23,590,446.0,144.0,32.40847457627119,11.074406779661016
560,2011,6,23,0,266,207.0,59.0,31.909774436090224,13.957142857142856
561,2011,6,23,1,8,8.0,,29.125,53.05833333333334
562,2011,6,23,6,403,318.0,85.0,34.292803970223325,7.63047973531844
563,2011,6,23,7,1530,1142.0,388.0,34.97450980392157,8.576122004357316
564,2011,6,23,8,3819,2749.0,1070.0,33.90023566378633,9.36572401152135
565,2011,6,23,9,4306,3242.0,1064.0,34.13237343241988,9.700135469887003
566,2011,6,23,10,2649,1936.0,713.0,34.75537938844847,11.4609852774632
567,2011,6,23,11,2512,1843.0,669.0,35.47133757961783,12.605135350318443
568,2011,6,23,12,2675,1948.0,727.0,35.13719626168224,13.772660436137059
569,2011,6,23,13,3144,2302.0,842.0,34.350826972010175,13.44833015267171
570,2011,6,23,14,4164,3063.0,1101.0,34.17387127761768,11.874579731027852
571,2011,6,23,15,4210,3090.0,1120.0,34.43800475059383,11.755328582739496
572,2011,6,23,16,3551,2659.0,892.0,34.590819487468316,11.906899464939439
573,2011,6,23,17,3394,2453.0,941.0,34.18120212139069,12.06073954036539
574,2011,6,23,18,4692,3338.0,1354.0,33.27791986359761,11.833660130718966
575,2011,6,23,19,4802,3448.0,1354.0,33.27217825905873,12.304956268221572
576,2011,6,23,20,3699,2617.0,1082.0,33.14165990808326,12.320974137154181
577,2011,6,23,21,2549,1873.0,676.0,32.94546881129855,12.06150778082909
578,2011,6,23,22,1724,1287.0,437.0,32.40777262180975,11.061281902552201
579,2011,6,23,23,900,675.0,225.0,32.22888888888889,12.103555555555566
580,2011,6,24,0,285,225.0,60.0,31.308771929824562,14.308596491228078
581,2011,6,24,1,3,2.0,1.0,32.333333333333336,45.41111111111112
582,2011,6,24,6,431,334.0,97.0,34.849187935034806,7.126836813611752
583,2011,6,24,7,1499,1112.0,387.0,34.57638425617078,8.378819212808521
584,2011,6,24,8,3199,2321.0,878.0,34.66020631447327,9.208106700010424
585,2011,6,24,9,3852,2875.0,977.0,34.048026998961575,10.619284354447913
586,2011,6,24,10,2804,2118.0,686.0,35.016405135520685,11.617641464574415
587,2011,6,24,11,2554,1873.0,681.0,35.29326546593579,12.032341425215371
588,2011,6,24,12,2689,1959.0,730.0,34.962439568612865,12.788347588942607
589,2011,6,24,13,3270,2393.0,877.0,34.665749235474,12.509266055045883
590,2011,6,24,14,4347,3209.0,1138.0,34.43616287094548,11.712441530557474
591,2011,6,24,15,4160,3135.0,1025.0,34.38918269230769,11.620709134615371
592,2011,6,24,16,3468,2593.0,875.0,34.15888119953864,12.022673971549372
593,2011,6,24,17,3360,2445.0,915.0,34.16875,11.79693948412699
594,2011,6,24,18,4595,3313.0,1282.0,33.578890097932536,11.400591222343154
595,2011,6,24,19,4472,3242.0,1230.0,33.13573345259392,11.900678294573652
596,2011,6,24,20,3636,2549.0,1087.0,32.87266226622662,12.014952328566203
597,2011,6,24,21,2693,1977.0,716.0,32.7979948013368,11.384267854932574
598,2011,6,24,22,1783,1346.0,437.0,32.845765563656755,11.033314638250136
599,2011,6,24,23,956,733.0,223.0,32.65690376569037,10.980770571827057
600,2011,6,25,0,274,218.0,56.0,32.07299270072993,12.878406326034055
601,2011,6,25,1,7,5.0,2.0,31.285714285714285,49.32857142857143
602,2011,6,25,6,325,255.0,70.0,35.55692307692308,6.937692307692311
603,2011,6,25,7,1288,946.0,342.0,34.95962732919255,8.205292443064183
604,2011,6,25,8,3483,2481.0,1002.0,34.14097042779213,9.263197435161233
605,2011,6,25,9,4157,3029.0,1128.0,33.76641808996873,9.577251222836967
606,2011,6,25,10,2835,2108.0,727.0,34.80352733686067,11.061675485008822
607,2011,6,25,11,2597,1853.0,744.0,35.24528301886792,12.435322808368621
608,2011,6,25,12,2801,2069.0,732.0,35.126026419136025,13.325449244317499
609,2011,6,25,13,3107,2332.0,775.0,35.10621177985195,13.42294818152556
610,2011,6,25,14,3897,2904.0,993.0,34.42519887092635,12.343409460268584
611,2011,6,25,15,3359,2491.0,868.0,34.44894313783864,11.819365882703178
612,2011,6,25,16,3016,2221.0,795.0,34.20523872679045,11.670418877099925
613,2011,6,25,17,2731,2050.0,681.0,33.88099597217136,11.637550347857927
614,2011,6,25,18,3518,2524.0,994.0,33.400227401932916,11.457954330111818
615,2011,6,25,19,3659,2660.0,999.0,32.86253074610549,11.134453858066895
616,2011,6,25,20,2585,1912.0,673.0,32.96402321083172,10.981708575112835
617,2011,6,25,21,1927,1442.0,485.0,33.090295796574985,11.354497491783441
618,2011,6,25,22,1303,1003.0,300.0,32.73292402148887,10.469787669480711
619,2011,6,25,23,706,535.0,171.0,33.12181303116147,10.892162417374879
620,2011,6,26,0,108,88.0,20.0,32.148148148148145,11.246759259259264
621,2011,6,26,1,2,2.0,,48.0,33.666666666666664
622,2011,6,26,6,265,209.0,56.0,34.35471698113208,7.152578616352203
623,2011,6,26,7,824,593.0,231.0,34.48543689320388,8.816161003236243
624,2011,6,26,8,2065,1476.0,589.0,33.9544794188862,8.698813559322044
625,2011,6,26,9,2460,1842.0,618.0,33.3,8.8192886178862
626,2011,6,26,10,1473,1113.0,360.0,34.5112016293279,9.743471373613952
627,2011,6,26,11,1188,899.0,289.0,34.427609427609426,10.36985129068463
628,2011,6,26,12,1305,1001.0,304.0,35.30038314176245,11.197049808429128
629,2011,6,26,13,1373,1059.0,314.0,34.594319009468315,11.21535566885166
630,2011,6,26,14,2027,1555.0,472.0,34.54464726196349,10.733333333333368
631,2011,6,26,15,2125,1622.0,503.0,34.30635294117647,10.89438431372549
632,2011,6,26,16,1743,1304.0,439.0,34.696500286861735,11.694549627079747
633,2011,6,26,17,1511,1137.0,374.0,34.15354070152217,11.292289874255468
634,2011,6,26,18,2156,1588.0,568.0,32.999536178107604,10.770593692022274
635,2011,6,26,19,1939,1422.0,517.0,32.32800412583806,11.858217294137859
636,2011,6,26,20,1337,986.0,351.0,32.890800299177265,11.11737721266517
637,2011,6,26,21,808,596.0,212.0,32.523514851485146,10.823205445544547
638,2011,6,26,22,466,346.0,120.0,32.957081545064376,10.540557939914164
639,2011,6,26,23,274,200.0,74.0,32.99270072992701,9.600243309002444
640,2011,7,26,0,80,58.0,22.0,30.9875,13.990625
641,2011,7,26,1,4,4.0,,29.0,54.30833333333333
642,2011,7,26,6,41,33.0,8.0,34.707317073170735,6.365853658536586
643,2011,7,26,7,220,169.0,51.0,35.35,9.017500000000002
644,2011,7,26,8,589,428.0,161.0,35.00339558573854,9.729598189020942
645,2011,7,26,9,796,582.0,214.0,34.5891959798995,10.504208542713567
646,2011,7,26,10,761,554.0,207.0,34.76215505913272,12.849671484888315
647,2011,7,26,11,947,652.0,295.0,34.870116156283,14.936554030271022
648,2011,7,26,12,1026,687.0,339.0,34.760233918128655,14.480003248862912
649,2011,7,26,13,1177,842.0,335.0,35.02803738317757,15.471382044746527
650,2011,7,26,14,1467,1034.0,433.0,34.518064076346285,14.000056805271518
651,2011,7,26,15,1287,921.0,366.0,33.94716394716395,13.406682206682222
652,2011,7,26,16,900,649.0,251.0,33.894444444444446,12.697148148148138
653,2011,7,26,17,857,625.0,232.0,33.73278879813302,12.466199922209244
654,2011,7,26,18,896,643.0,253.0,32.73325892857143,12.714360119047615
655,2011,7,26,19,719,493.0,226.0,33.14464534075104,11.895387111729255
656,2011,7,26,20,560,400.0,160.0,32.89821428571429,12.936369047619047
657,2011,7,26,21,411,285.0,126.0,33.2043795620438,12.12733171127332
658,2011,7,26,22,296,228.0,68.0,31.635135135135137,10.505686936936943
659,2011,7,26,23,193,162.0,31.0,32.751295336787564,11.116148531951636
660,2011,7,27,0,187,148.0,39.0,30.614973262032084,12.743761140819965
661,2011,7,27,1,1,,1.0,25.0,67.03333333333333
662,2011,7,27,6,331,258.0,73.0,35.74924471299094,7.462537764350459
663,2011,7,27,7,1237,910.0,327.0,34.56669361358124,8.676232821341957
664,2011,7,27,8,3171,2288.0,883.0,34.14506464837591,9.530726374434964
665,2011,7,27,9,3795,2834.0,961.0,34.068511198945984,9.540101010101022
666,2011,7,27,10,2622,1963.0,659.0,34.87414187643021,11.251175947114152
667,2011,7,27,11,2528,1849.0,679.0,35.17642405063291,13.117372099156144
668,2011,7,27,12,2623,1935.0,688.0,35.41059855127716,13.367556233320581
669,2011,7,27,13,3065,2218.0,847.0,35.0163132137031,13.725508428493761
670,2011,7,27,14,4024,3047.0,977.0,34.54522862823062,12.418273691186204
671,2011,7,27,15,3709,2816.0,893.0,34.42113777298463,11.808793924687727
672,2011,7,27,16,2833,2177.0,656.0,34.757853865160605,12.47036121896694
673,2011,7,27,17,2257,1680.0,577.0,33.76650420912716,12.245141042682068
674,2011,7,27,18,2452,1768.0,684.0,33.14396411092985,11.46243882544865
675,2011,7,27,19,2611,1899.0,712.0,32.58866334737648,11.786148346738134
676,2011,7,27,20,2414,1807.0,607.0,33.03314001657001,12.22830019331678
677,2011,7,27,21,1626,1250.0,376.0,32.806273062730625,11.58779212792126
678,2011,7,27,22,1096,832.0,264.0,32.60127737226277,11.138427615571771
679,2011,7,27,23,659,519.0,140.0,31.814871016691956,10.933131006575618
680,2011,7,28,0,173,128.0,45.0,31.017341040462426,13.7330443159923
681,2011,7,28,1,3,3.0,,36.0,39.394444444444446
682,2011,7,28,6,288,230.0,58.0,34.548611111111114,7.616956018518514
683,2011,7,28,7,1021,749.0,272.0,34.64740450538687,9.310300359125044
684,2011,7,28,8,2790,2057.0,733.0,34.498566308243724,9.186194743130248
685,2011,7,28,9,3649,2703.0,946.0,33.61825157577419,9.20909838311866
686,2011,7,28,10,2436,1830.0,606.0,34.639573070607554,10.702292008757519
687,2011,7,28,11,2167,1606.0,561.0,35.34933087217351,11.739478541762816
688,2011,7,28,12,2389,1792.0,597.0,35.17748011720385,12.196128087065718
689,2011,7,28,13,2827,2064.0,763.0,35.01131941987973,13.197016861219177
690,2011,7,28,14,3864,2864.0,1000.0,34.6796066252588,11.968409247757087
691,2011,7,28,15,3663,2719.0,944.0,34.49522249522249,11.880303030303004
692,2011,7,28,16,3033,2247.0,786.0,34.41477085393999,12.068502033190459
693,2011,7,28,17,2463,1831.0,632.0,33.90458790093382,11.497137637028006
694,2011,7,28,18,3105,2233.0,872.0,33.25861513687601,11.569651100375722
695,2011,7,28,19,3355,2473.0,882.0,32.58688524590164,11.539513164431188
696,2011,7,28,20,2339,1716.0,623.0,32.53569901667379,11.904916631038898
697,2011,7,28,21,1455,1092.0,363.0,32.029553264604814,11.090206185567014
698,2011,7,28,22,1068,819.0,249.0,32.3436329588015,10.64726903870163
699,2011,7,28,23,487,391.0,96.0,32.06160164271047,12.421526351813824
700,2011,7,29,0,255,190.0,65.0,31.99607843137255,14.604509803921564
701,2011,7,29,1,2,2.0,,47.0,55.68333333333334
702,2011,7,29,6,295,239.0,56.0,35.650847457627115,7.387231638418083
703,2011,7,29,7,1094,797.0,297.0,34.75868372943327,8.290874466788514
704,2011,7,29,8,2908,2142.0,766.0,34.874828060522695,9.211577258138481
705,2011,7,29,9,3671,2720.0,951.0,34.03023699264506,9.829696722055786
706,2011,7,29,10,2569,1914.0,655.0,34.70494355780459,10.517295964707401
707,2011,7,29,11,2333,1698.0,635.0,35.437633947706814,12.441241605943697
708,2011,7,29,12,2610,1923.0,687.0,35.44176245210728,13.80941251596426
709,2011,7,29,13,3000,2166.0,834.0,35.10766666666667,13.467149999999995
710,2011,7,29,14,3953,2953.0,1000.0,34.81001770806982,12.221097900328894
711,2011,7,29,15,3828,2882.0,946.0,34.61990595611285,11.814511494252889
712,2011,7,29,16,2974,2266.0,708.0,34.302622730329524,12.121082716879625
713,2011,7,29,17,2472,1791.0,681.0,34.12621359223301,11.917853290183418
714,2011,7,29,18,3311,2365.0,946.0,33.13711869525823,11.156629417094518
715,2011,7,29,19,3197,2342.0,855.0,32.83421958085705,11.783213429256618
716,2011,7,29,20,2562,1834.0,728.0,32.68384074941452,11.722267759562854
717,2011,7,29,21,1833,1333.0,500.0,33.02509547190398,11.63519730860158
718,2011,7,29,22,1177,872.0,305.0,32.28971962616822,12.484820164259428
719,2011,7,29,23,635,487.0,148.0,31.785826771653543,11.937244094488186
720,2011,7,30,0,246,191.0,55.0,31.1260162601626,14.29444444444445
721,2011,7,30,1,5,5.0,,25.6,41.71
722,2011,7,30,6,371,295.0,76.0,34.24797843665768,7.314555256064691
723,2011,7,30,7,1123,828.0,295.0,34.88958147818344,8.581760166221432
724,2011,7,30,8,3048,2209.0,839.0,34.28740157480315,8.983048993875789
725,2011,7,30,9,3791,2812.0,979.0,34.067528356634135,9.467400861689942
726,2011,7,30,10,2549,1837.0,712.0,34.91133777952138,11.394527265594327
727,2011,7,30,11,2441,1744.0,697.0,34.82425235559197,12.328676771814825
728,2011,7,30,12,2358,1743.0,615.0,35.78880407124682,13.355626236923918
729,2011,7,30,13,3073,2265.0,808.0,35.27367393426619,13.664150124742362
730,2011,7,30,14,3939,2952.0,987.0,34.776339172378776,12.008420072776527
731,2011,7,30,15,3713,2813.0,900.0,34.53757069754915,11.959367986354259
732,2011,7,30,16,2746,2043.0,703.0,34.28878368536053,11.692206846321907
733,2011,7,30,17,2006,1442.0,564.0,34.387836490528414,11.924169159189095
734,2011,7,30,18,2029,1462.0,567.0,33.15574174470182,11.791613274190887
735,2011,7,30,19,2538,1826.0,712.0,33.056343577620176,12.106704754399823
736,2011,7,30,20,2233,1656.0,577.0,32.76489028213166,12.96251679355129
737,2011,7,30,21,1833,1326.0,507.0,32.98363338788871,13.811983997090417
738,2011,7,30,22,1212,937.0,275.0,32.48844884488449,12.857755775577559
739,2011,7,30,23,593,454.0,139.0,32.88701517706577,11.786649803260264
740,2011,8,31,0,215,168.0,47.0,33.13953488372093,13.589612403100782
741,2011,8,31,1,10,6.0,4.0,30.9,46.910000000000004
742,2011,8,31,5,1,1.0,,23.0,2.4
743,2011,8,31,6,333,265.0,68.0,33.909909909909906,7.288138138138135
744,2011,8,31,7,1201,893.0,308.0,34.906744379683595,8.229836247571477
745,2011,8,31,8,3149,2295.0,854.0,34.072721498888534,9.327363184079607
746,2011,8,31,9,3807,2811.0,996.0,33.760703966377726,9.545411960423783
747,2011,8,31,10,2547,1866.0,681.0,34.785237534354145,10.828739693757372
748,2011,8,31,11,2484,1767.0,717.0,35.21417069243156,13.209614868491693
749,2011,8,31,12,2698,1980.0,718.0,35.319125277983694,13.774036323202372
750,2011,8,31,13,2982,2187.0,795.0,34.79376257545272,13.967650346523566
751,2011,8,31,14,3899,2930.0,969.0,34.38650936137471,12.086808583397453
752,2011,8,31,15,3725,2790.0,935.0,34.39087248322148,12.30791498881433
753,2011,8,31,16,3164,2361.0,803.0,34.2597977243995,13.283723135271822
754,2011,8,31,17,2974,2164.0,810.0,34.40484196368527,12.694300605245443
755,2011,8,31,18,3486,2477.0,1009.0,33.23235800344234,11.49268980684644
756,2011,8,31,19,3928,2821.0,1107.0,33.14893075356415,11.847814833672741
757,2011,8,31,20,3159,2283.0,876.0,32.64640709085153,11.893215152474404
758,2011,8,31,21,2080,1541.0,539.0,32.667788461538464,12.184342948717948
759,2011,8,31,22,1246,975.0,271.0,32.441412520064205,11.296040663456388
760,2011,8,31,23,688,542.0,146.0,32.02470930232558,11.765140503875978
761,2011,8,32,0,293,237.0,56.0,33.641638225255974,12.786632536973837
762,2011,8,32,1,4,4.0,,27.75,55.21666666666667
763,2011,8,32,6,374,290.0,84.0,35.6764705882353,7.073841354723711
764,2011,8,32,7,1390,1009.0,381.0,35.72158273381295,8.455623501199039
765,2011,8,32,8,3340,2431.0,909.0,35.0314371257485,9.06522455089821
766,2011,8,32,9,3980,2940.0,1040.0,35.019095477386934,9.647190117252908
767,2011,8,32,10,2638,1930.0,708.0,36.18915845337377,10.8559451604751
768,2011,8,32,11,2508,1819.0,689.0,35.99481658692185,12.341168261562986
769,2011,8,32,12,2596,1903.0,693.0,36.424884437596305,13.038533641499725
770,2011,8,32,13,3104,2282.0,822.0,36.105992268041234,13.125053694158115
771,2011,8,32,14,3962,2960.0,1002.0,35.879858657243815,11.968210499747643
772,2011,8,32,15,3738,2838.0,900.0,35.84884965222044,11.599901908328832
773,2011,8,32,16,3281,2441.0,840.0,35.56171898811338,11.917586101798227
774,2011,8,32,17,3132,2326.0,806.0,35.71200510855683,12.18868135376757
775,2011,8,32,18,4064,2914.0,1150.0,34.48597440944882,11.21489091207351
776,2011,8,32,19,3868,2755.0,1113.0,34.2241468459152,11.581730437780095
777,2011,8,32,20,2855,2055.0,800.0,34.06970227670753,11.198254524226492
778,2011,8,32,21,2123,1563.0,560.0,33.89731512011305,11.768323127649564
779,2011,8,32,22,1407,1065.0,342.0,33.85216773276475,11.525396825396804
780,2011,8,32,23,797,616.0,181.0,33.902132998745294,11.354516938519456
781,2011,8,33,0,244,195.0,49.0,32.63934426229508,15.196174863387979
782,2011,8,33,1,9,8.0,1.0,31.22222222222222,47.97962962962963
783,2011,8,33,6,431,317.0,114.0,34.74709976798144,7.17683681361176
784,2011,8,33,7,1377,957.0,420.0,35.63253449527959,8.397857661583165
785,2011,8,33,8,3368,2468.0,900.0,34.97476247030879,8.929715954077595
786,2011,8,33,9,3952,2903.0,1049.0,35.05490890688259,9.31834514170041
787,2011,8,33,10,2642,1944.0,698.0,35.58062074186223,11.1251829422155
788,2011,8,33,11,2537,1859.0,678.0,36.14702404414663,12.735363289975044
789,2011,8,33,12,2693,1940.0,753.0,36.19123653917564,13.133129100136179
790,2011,8,33,13,3014,2179.0,835.0,35.99203715992037,13.086380225613796
791,2011,8,33,14,3932,2915.0,1017.0,35.44608341810783,11.718451169888077
792,2011,8,33,15,3982,2983.0,999.0,35.550226017076845,11.643901724426604
793,2011,8,33,16,3431,2529.0,902.0,35.537744097930634,11.931623433401313
794,2011,8,33,17,2972,2173.0,799.0,35.53532974427995,12.00053835800807
795,2011,8,33,18,4134,2936.0,1198.0,34.569182389937104,11.683434123528464
796,2011,8,33,19,4188,2988.0,1200.0,34.534622731614135,12.048603151862494
797,2011,8,33,20,3203,2372.0,831.0,34.64314704964096,12.190514101363298
798,2011,8,33,21,2093,1515.0,578.0,34.05207835642618,11.856274884535758
799,2011,8,33,22,1450,1107.0,343.0,33.72,11.554218390804628
800,2011,8,33,23,822,634.0,188.0,32.91119221411192,11.242883211678834
801,2011,8,34,0,204,159.0,45.0,31.96078431372549,11.644035947712423
802,2011,8,34,1,6,5.0,1.0,29.833333333333332,58.65277777777778
803,2011,8,34,6,385,289.0,96.0,35.77922077922078,6.86251082251083
804,2011,8,34,7,1147,822.0,325.0,35.31647776809067,8.368977041557686
805,2011,8,34,8,3050,2195.0,855.0,35.49311475409836,9.27620218579235
806,2011,8,34,9,3521,2599.0,922.0,34.5711445612042,9.78692606267159
807,2011,8,34,10,2451,1836.0,615.0,35.93512851897185,11.39629402964778
808,2011,8,34,11,2230,1642.0,588.0,36.34170403587444,12.54539611360238
809,2011,8,34,12,2375,1751.0,624.0,36.18778947368421,13.2510807017544
810,2011,8,34,13,2607,1881.0,726.0,35.66705024932873,13.372158291778526
811,2011,8,34,14,3425,2480.0,945.0,35.79474452554744,13.058632603406386
812,2011,8,34,15,3549,2627.0,922.0,35.430262045646664,13.370249835634436
813,2011,8,34,16,2618,1948.0,670.0,35.46638655462185,13.175089126559737
814,2011,8,34,17,2390,1782.0,608.0,34.918828451882845,12.375864714086456
815,2011,8,34,18,2807,2005.0,802.0,34.604916280726755,12.796704666904201
816,2011,8,34,19,2793,2014.0,779.0,33.85893304690297,12.33989139515455
817,2011,8,34,20,1653,1204.0,449.0,33.77313974591652,13.562754587618473
818,2011,8,34,21,1173,862.0,311.0,33.15601023017903,12.40511508951406
819,2011,8,34,22,811,618.0,193.0,33.28360049321825,12.559042334566369
820,2011,8,34,23,484,384.0,100.0,32.70454545454545,12.234538567493116
821,2011,8,35,0,43,33.0,10.0,32.06976744186046,10.02906976744186
822,2011,8,35,1,2,2.0,,38.0,63.025000000000006
823,2011,8,35,6,235,185.0,50.0,36.374468085106386,7.608439716312053
824,2011,8,35,7,749,511.0,238.0,35.71028037383178,8.820115709835335
825,2011,8,35,8,1918,1385.0,533.0,35.02294056308655,9.4570125130344
826,2011,8,35,9,2186,1633.0,553.0,34.60430009149131,9.097506861848121
827,2011,8,35,10,1238,942.0,296.0,36.16155088852989,10.222805600430807
828,2011,8,35,11,1004,775.0,229.0,36.33764940239044,10.959578353253654
829,2011,8,35,12,1083,813.0,270.0,36.364727608494924,11.372329947676185
830,2011,8,35,13,1269,962.0,307.0,35.853427895981085,11.492343052272131
831,2011,8,35,14,1994,1507.0,487.0,36.052156469408224,11.89740053493812
832,2011,8,35,15,1948,1513.0,435.0,36.07546201232033,11.452943189596182
833,2011,8,35,16,1597,1193.0,404.0,36.26612398246713,12.200772281360884
834,2011,8,35,17,1457,1072.0,385.0,35.47426218256692,11.734866163349347
835,2011,8,35,18,1754,1250.0,504.0,34.578107183580386,11.392721398707732
836,2011,8,35,19,1809,1305.0,504.0,33.80873410724157,11.435627418463245
837,2011,8,35,20,1341,984.0,357.0,34.14466815809098,11.415001242853586
838,2011,8,35,21,673,510.0,163.0,34.658246656760774,11.470059435364032
839,2011,8,35,22,396,307.0,89.0,33.56818181818182,9.427146464646464
840,2011,8,35,23,265,198.0,67.0,33.030188679245285,10.268238993710696
841,2011,9,35,0,134,96.0,38.0,32.6044776119403,13.313930348258706
842,2011,9,35,1,6,5.0,1.0,29.0,62.56111111111111
843,2011,9,35,6,179,139.0,40.0,34.63128491620112,6.342644320297953
844,2011,9,35,7,558,379.0,179.0,36.17921146953405,8.633990442054953
845,2011,9,35,8,1530,1107.0,423.0,35.349673202614376,9.498725490196076
846,2011,9,35,9,1816,1361.0,455.0,35.87224669603524,10.193612334801776
847,2011,9,35,10,1390,1009.0,381.0,35.79712230215827,12.161330935251794
848,2011,9,35,11,1373,996.0,377.0,36.842680262199565,13.514554503520285
849,2011,9,35,12,1439,1033.0,406.0,36.348158443363445,15.105744730136669
850,2011,9,35,13,1713,1183.0,530.0,35.95563339171045,15.360293831484732
851,2011,9,35,14,1972,1352.0,620.0,35.695233265720084,12.205485125084525
852,2011,9,35,15,1633,1181.0,452.0,34.82241273729333,11.45656256378854
853,2011,9,35,16,1514,1133.0,381.0,35.33619550858653,11.820629678555699
854,2011,9,35,17,1451,1047.0,404.0,34.99035148173673,11.353204686423156
855,2011,9,35,18,1375,980.0,395.0,34.058181818181815,11.57235151515152
856,2011,9,35,19,1278,913.0,365.0,33.881064162754306,11.67471309337508
857,2011,9,35,20,813,590.0,223.0,33.600246002460025,11.739319393193947
858,2011,9,35,21,621,448.0,173.0,33.22866344605475,11.244444444444436
859,2011,9,35,22,465,364.0,101.0,32.69247311827957,10.5658064516129
860,2011,9,35,23,233,188.0,45.0,33.1931330472103,11.124391988555075
861,2011,9,36,0,249,192.0,57.0,33.429718875502004,12.964524765729587
862,2011,9,36,1,3,3.0,,26.0,45.91111111111112
863,2011,9,36,6,440,328.0,112.0,34.68863636363636,7.169810606060608
864,2011,9,36,7,1375,964.0,411.0,35.597818181818184,8.230533333333339
865,2011,9,36,8,3317,2346.0,971.0,35.19475429605065,8.908365993367505
866,2011,9,36,9,3930,2922.0,1008.0,35.087277353689565,9.359253604749762
867,2011,9,36,10,2597,1944.0,653.0,35.57027339237582,10.545257348222316
868,2011,9,36,11,2407,1765.0,642.0,37.04528458662235,12.199148317407552
869,2011,9,36,12,2618,1894.0,724.0,36.478227654698244,12.811191749427033
870,2011,9,36,13,3170,2289.0,881.0,36.024605678233435,12.952849631966338
871,2011,9,36,14,4053,2987.0,1066.0,35.61238588699729,11.521144830989355
872,2011,9,36,15,4114,3076.0,1038.0,35.47180359747205,11.396337708637171
873,2011,9,36,16,3504,2615.0,889.0,35.41095890410959,11.987923325722976
874,2011,9,36,17,3015,2209.0,806.0,35.239137645107796,11.62200110558321
875,2011,9,36,18,3915,2773.0,1142.0,34.872541507024266,11.31579395487444
876,2011,9,36,19,4204,3002.0,1202.0,34.065889628924836,11.578488740881719
877,2011,9,36,20,3076,2289.0,787.0,34.290637191157344,11.721841135674012
878,2011,9,36,21,2154,1608.0,546.0,33.74373259052925,11.379054472299584
879,2011,9,36,22,1325,999.0,326.0,33.379622641509435,10.651723270440243
880,2011,9,36,23,693,514.0,179.0,33.116883116883116,11.591101491101492
881,2011,9,37,0,232,185.0,47.0,34.23706896551724,14.261063218390806
882,2011,9,37,1,6,6.0,,25.5,51.89166666666666
883,2011,9,37,6,359,261.0,98.0,34.66016713091922,7.139925719591456
884,2011,9,37,7,1014,694.0,320.0,35.56706114398422,8.14003944773176
885,2011,9,37,8,2537,1817.0,720.0,35.11391407173827,9.273991591118104
886,2011,9,37,9,3168,2328.0,840.0,34.99084595959596,9.75719696969695
887,2011,9,37,10,2270,1647.0,623.0,35.96387665198238,11.180389133627004
888,2011,9,37,11,2199,1585.0,614.0,36.76807639836289,12.529771108079421
889,2011,9,37,12,2315,1645.0,670.0,36.760691144708424,13.86326133909292
890,2011,9,37,13,2770,1965.0,805.0,36.09819494584838,13.736907340553532
891,2011,9,37,14,3422,2504.0,918.0,35.734950321449446,11.950199688291448
892,2011,9,37,15,3361,2440.0,921.0,35.45254388574829,11.994222949519006
893,2011,9,37,16,2898,2060.0,838.0,35.04037267080745,13.003835978835985
894,2011,9,37,17,2656,1898.0,758.0,35.265060240963855,12.553244226907646
895,2011,9,37,18,3282,2299.0,983.0,34.703839122486286,11.746110095470234
896,2011,9,37,19,3089,2177.0,912.0,34.425056652638396,11.849741016510213
897,2011,9,37,20,2508,1824.0,684.0,34.188197767145134,11.898837054758115
898,2011,9,37,21,1674,1262.0,412.0,34.139187574671446,12.241646754281145
899,2011,9,37,22,1046,785.0,261.0,33.896749521988525,11.323454429572962
900,2011,9,37,23,610,463.0,147.0,33.38032786885246,13.995163934426225
901,2011,9,38,0,280,216.0,64.0,33.339285714285715,14.009999999999996
902,2011,9,38,1,5,4.0,1.0,36.0,59.32666666666667
903,2011,9,38,6,500,364.0,136.0,34.902,7.4597999999999995
904,2011,9,38,7,1318,943.0,375.0,35.843702579666164,8.271952453211927
905,2011,9,38,8,3185,2291.0,894.0,35.19843014128728,9.022182103610668
906,2011,9,38,9,3900,2895.0,1005.0,34.70384615384615,9.450935897435903
907,2011,9,38,10,2636,1960.0,676.0,35.57625189681335,11.293582448153748
908,2011,9,38,11,2459,1783.0,676.0,36.506303375355834,12.742537616917446
909,2011,9,38,12,2598,1922.0,676.0,36.62740569668976,13.281851424172428
910,2011,9,38,13,3074,2182.0,892.0,35.85263500325309,12.864389503361528
911,2011,9,38,14,3883,2836.0,1047.0,35.21761524594386,11.856468366383389
912,2011,9,38,15,3777,2852.0,925.0,35.360074132909716,11.521454417085874
913,2011,9,38,16,3155,2345.0,810.0,35.48621236133122,11.56650290544111
914,2011,9,38,17,3105,2254.0,851.0,35.43478260869565,11.704412238325283
915,2011,9,38,18,4147,3000.0,1147.0,34.91753074511695,11.378868258178588
916,2011,9,38,19,4460,3196.0,1264.0,33.99103139013453,11.635108370702536
917,2011,9,38,20,3021,2220.0,801.0,34.15127441244621,11.299508992607304
918,2011,9,38,21,2170,1613.0,557.0,33.89953917050691,11.647242703533042
919,2011,9,38,22,1445,1085.0,360.0,33.719723183391004,11.069711649365635
920,2011,9,38,23,711,544.0,167.0,33.47116736990155,10.775714955461787
921,2011,9,39,0,182,137.0,45.0,33.39010989010989,13.673717948717954
922,2011,9,39,1,4,3.0,1.0,28.0,56.8625
923,2011,9,39,6,468,336.0,132.0,35.06196581196581,7.489636752136751
924,2011,9,39,7,1357,959.0,398.0,35.730287398673546,8.328764431343652
925,2011,9,39,8,3413,2460.0,953.0,35.102549077058306,8.949394472116406
926,2011,9,39,9,3784,2818.0,966.0,34.491279069767444,8.997062191684279
927,2011,9,39,10,2204,1680.0,524.0,35.387023593466424,10.223306110102843
928,2011,9,39,11,1895,1426.0,469.0,36.53456464379947,10.729357959542664
929,2011,9,39,12,1962,1441.0,521.0,36.21253822629969,11.60987088005437
930,2011,9,39,13,2285,1724.0,561.0,36.29365426695843,11.189219547775362
931,2011,9,39,14,3242,2421.0,821.0,35.55922270203578,10.75404585646719
932,2011,9,39,15,3343,2500.0,843.0,35.72808854322465,10.614084155947728
933,2011,9,39,16,2792,2114.0,678.0,35.845272206303726,11.119132043935055
934,2011,9,39,17,2508,1840.0,668.0,36.01993620414673,10.966919191919192
935,2011,9,39,18,3645,2615.0,1030.0,34.53004115226337,10.995807041609497
936,2011,9,39,19,4043,2947.0,1096.0,34.22606975018551,11.825859510264662
937,2011,9,39,20,2846,2077.0,769.0,33.992972593113144,11.339458889669723
938,2011,9,39,21,1888,1373.0,515.0,34.310911016949156,11.290483757062159
939,2011,9,39,22,1142,886.0,256.0,33.918563922942205,10.596511967308828
940,2011,9,39,23,653,500.0,153.0,33.81929555895865,10.796860643185305
941,2011,10,39,0,86,71.0,15.0,33.593023255813954,13.162596899224802
942,2011,10,39,1,2,2.0,,37.0,38.55
943,2011,10,39,6,32,23.0,9.0,36.4375,9.48125
944,2011,10,39,7,79,59.0,20.0,36.69620253164557,7.38987341772152
945,2011,10,39,8,182,136.0,46.0,36.527472527472526,10.263644688644687
946,2011,10,39,9,322,208.0,114.0,38.25155279503105,13.213146997929613
947,2011,10,39,10,414,269.0,145.0,36.707729468599034,14.005354267310802
948,2011,10,39,11,539,369.0,170.0,36.37662337662338,16.112213976499703
949,2011,10,39,12,624,401.0,223.0,35.532051282051285,16.713995726495728
950,2011,10,39,13,760,515.0,245.0,35.46973684210526,17.868464912280707
951,2011,10,39,14,635,425.0,210.0,35.31181102362205,16.58299212598427
952,2011,10,39,15,636,434.0,202.0,35.040880503144656,13.26577568134172
953,2011,10,39,16,520,363.0,157.0,33.83076923076923,13.538461538461545
954,2011,10,39,17,464,313.0,151.0,33.974137931034484,13.380100574712646
955,2011,10,39,18,516,343.0,173.0,34.151162790697676,11.668443152454792
956,2011,10,39,19,438,294.0,144.0,35.5958904109589,10.996308980213092
957,2011,10,39,20,358,241.0,117.0,33.20391061452514,11.173556797020488
958,2011,10,39,21,237,171.0,66.0,32.77215189873418,11.238396624472577
959,2011,10,39,22,193,148.0,45.0,32.7979274611399,10.865975820379969
960,2011,10,39,23,127,108.0,19.0,32.24409448818898,10.520603674540682
961,2011,10,40,0,217,179.0,38.0,32.60829493087557,12.873809523809527
962,2011,10,40,1,5,5.0,,29.2,52.93000000000001
963,2011,10,40,6,448,329.0,119.0,35.232142857142854,7.226339285714281
964,2011,10,40,7,1373,963.0,410.0,35.17188638018936,8.22727603787326
965,2011,10,40,8,3481,2449.0,1032.0,34.82217753519104,8.86382744422101
966,2011,10,40,9,4002,2980.0,1022.0,34.892053973013496,9.236119440279866
967,2011,10,40,10,2538,1864.0,674.0,36.038613081166275,11.004747832939312
968,2011,10,40,11,2356,1686.0,670.0,36.34719864176571,12.357923033389929
969,2011,10,40,12,2584,1878.0,706.0,36.163699690402474,12.68005030959753
970,2011,10,40,13,2989,2178.0,811.0,36.190699230511875,12.769287387085951
971,2011,10,40,14,4064,3027.0,1037.0,35.54798228346457,11.455372375328109
972,2011,10,40,15,3870,2909.0,961.0,35.67984496124031,11.333341946597768
973,2011,10,40,16,3405,2521.0,884.0,35.44287812041116,11.533137542829156
974,2011,10,40,17,2485,1782.0,703.0,35.13440643863179,11.074279007377601
975,2011,10,40,18,3333,2382.0,951.0,34.46564656465647,11.062631263126296
976,2011,10,40,19,3495,2489.0,1006.0,33.761087267525035,10.882494039103468
977,2011,10,40,20,2326,1701.0,625.0,34.0932932072227,10.8810690742333
978,2011,10,40,21,1621,1165.0,456.0,33.90376310919186,11.007865515114108
979,2011,10,40,22,1096,834.0,262.0,33.88047445255474,10.497597323600969
980,2011,10,40,23,573,440.0,133.0,33.94589877835951,11.291739383362415
981,2011,10,41,0,192,163.0,29.0,32.828125,11.92144097222222
982,2011,10,41,1,6,5.0,1.0,28.666666666666668,51.50555555555555
983,2011,10,41,6,427,320.0,107.0,35.25526932084309,7.395979703356763
984,2011,10,41,7,1279,898.0,381.0,35.39405785770133,8.308378941881678
985,2011,10,41,8,3386,2445.0,941.0,35.10809214412286,9.040726520968677
986,2011,10,41,9,3814,2776.0,1038.0,34.84766649187205,9.349750917671724
987,2011,10,41,10,2519,1851.0,668.0,35.451766574037315,10.20314278152706
988,2011,10,41,11,2376,1695.0,681.0,36.224747474747474,11.701606341189677
989,2011,10,41,12,2383,1758.0,625.0,36.49475451112043,13.059812561197374
990,2011,10,41,13,2893,2090.0,803.0,35.98098859315589,12.848870837654115
991,2011,10,41,14,3774,2718.0,1056.0,35.6078431372549,11.523489666136726
992,2011,10,41,15,3806,2845.0,961.0,35.48055701523909,11.382002101944277
993,2011,10,41,16,3262,2412.0,850.0,35.7722256284488,11.675643776824023
994,2011,10,41,17,2964,2108.0,856.0,35.74662618083671,11.59745838956367
995,2011,10,41,18,3315,2350.0,965.0,34.51523378582202,10.98543991955754
996,2011,10,41,19,2779,1961.0,818.0,34.02231018351925,11.311694854264125
997,2011,10,41,20,2111,1553.0,558.0,33.61250592136428,10.771490604768665
998,2011,10,41,21,1577,1143.0,434.0,33.47812301838935,10.370703868103995
999,2011,10,41,22,1119,863.0,256.0,33.48882931188561,9.958504617217734
1000,2011,10,41,23,544,434.0,110.0,33.73529411764706,10.206525735294127
1001,2011,10,42,0,241,198.0,43.0,33.63900414937759,12.315698478561544
1002,2011,10,42,1,8,7.0,1.0,30.25,47.52916666666666
1003,2011,10,42,6,468,330.0,138.0,35.087606837606835,6.9793447293447315
1004,2011,10,42,7,1380,931.0,449.0,35.31956521739131,8.262391304347807
1005,2011,10,42,8,3324,2396.0,928.0,35.318592057761734,9.094870637785801
1006,2011,10,42,9,3852,2851.0,1001.0,34.93535825545171,9.147693838698517
1007,2011,10,42,10,2564,1881.0,683.0,35.80304212168487,10.408131825273005
1008,2011,10,42,11,2342,1675.0,667.0,36.616994022203244,12.483126957016813
1009,2011,10,42,12,2412,1685.0,727.0,36.724709784411274,12.965388336097291
1010,2011,10,42,13,2906,2106.0,800.0,36.0495526496903,13.293891947694414
1011,2011,10,42,14,3680,2686.0,994.0,35.87744565217391,11.740131340579714
1012,2011,10,42,15,3820,2826.0,994.0,35.637958115183245,11.285602094240796
1013,2011,10,42,16,3120,2293.0,827.0,35.79871794871795,11.501420940170968
1014,2011,10,42,17,2842,2048.0,794.0,35.29380717804363,11.683227773868166
1015,2011,10,42,18,3994,2830.0,1164.0,34.77666499749625,11.207352695710224
1016,2011,10,42,19,4186,2981.0,1205.0,34.19063545150502,11.331103678929756
1017,2011,10,42,20,2983,2129.0,854.0,34.1642641635937,11.041602413677518
1018,2011,10,42,21,1874,1377.0,497.0,34.24973319103522,10.823826040554948
1019,2011,10,42,22,1218,931.0,287.0,33.62068965517241,10.240010946907494
1020,2011,10,42,23,698,520.0,178.0,33.391117478510026,10.46831423113657
1021,2011,10,43,0,220,156.0,64.0,33.35909090909091,12.86204545454545
1022,2011,10,43,1,3,3.0,,20.0,46.76666666666667
1023,2011,10,43,6,422,310.0,112.0,35.0260663507109,7.564375987361769
1024,2011,10,43,7,1245,858.0,387.0,36.11566265060241,8.202356091030795
1025,2011,10,43,8,3264,2334.0,930.0,34.943014705882355,9.363393586601301
1026,2011,10,43,9,3589,2631.0,958.0,35.05293953747562,9.66320702145445
1027,2011,10,43,10,2364,1723.0,641.0,35.81260575296108,10.571355047941344
1028,2011,10,43,11,2250,1589.0,661.0,36.297333333333334,12.187422222222226
1029,2011,10,43,12,2357,1706.0,651.0,36.74459058124735,12.803288078065359
1030,2011,10,43,13,2794,2010.0,784.0,35.88332140300644,13.33737174898591
1031,2011,10,43,14,3770,2719.0,1051.0,35.35968169761273,11.529929266136191
1032,2011,10,43,15,3585,2726.0,859.0,35.78912133891213,11.248270571827035
1033,2011,10,43,16,3078,2299.0,779.0,35.538011695906434,11.260715832791865
1034,2011,10,43,17,2750,1936.0,814.0,35.345454545454544,11.557684848484845
1035,2011,10,43,18,3791,2693.0,1098.0,34.59324716433659,11.387118614261846
1036,2011,10,43,19,4083,2868.0,1215.0,34.05755571883419,11.864205241244155
1037,2011,10,43,20,2908,2033.0,875.0,34.13411279229711,12.177321182943599
1038,2011,10,43,21,1993,1401.0,592.0,33.82789764174611,12.14201371466802
1039,2011,10,43,22,1361,989.0,372.0,33.18662747979427,12.680247367131999
1040,2011,10,43,23,683,499.0,184.0,33.904831625183014,12.375597852611019
1041,2011,10,44,0,7,7.0,,36.57142857142857,10.79047619047619
1042,2011,10,44,6,85,56.0,29.0,34.15294117647059,7.308431372549019
1043,2011,10,44,7,243,181.0,62.0,36.1522633744856,8.05548696844993
1044,2011,10,44,8,626,448.0,178.0,34.86900958466454,9.196805111821082
1045,2011,10,44,9,528,400.0,128.0,34.65151515151515,9.162626262626254
1046,2011,10,44,10,329,246.0,83.0,36.21884498480243,9.88459979736576
1047,2011,10,44,11,351,261.0,90.0,36.319088319088316,10.76628679962014
1048,2011,10,44,12,344,279.0,65.0,37.01453488372093,11.0484980620155
1049,2011,10,44,13,409,315.0,94.0,36.26894865525672,10.91886715566422
1050,2011,10,44,14,568,426.0,142.0,35.070422535211264,9.81740023474178
1051,2011,10,44,15,622,476.0,146.0,36.17524115755627,9.610557341907825
1052,2011,10,44,16,528,415.0,113.0,35.88825757575758,10.071685606060607
1053,2011,10,44,17,434,330.0,104.0,36.315668202764975,11.239938556067594
1054,2011,10,44,18,657,475.0,182.0,34.96499238964992,10.831836631151702
1055,2011,10,44,19,642,471.0,171.0,34.40342679127726,10.445534787123568
1056,2011,10,44,20,442,321.0,121.0,33.55656108597285,10.568061840120665
1057,2011,10,44,21,274,205.0,69.0,33.05474452554745,10.473418491484185
1058,2011,10,44,22,167,125.0,42.0,33.90419161676647,9.578443113772463
1059,2011,10,44,23,77,62.0,15.0,32.62337662337662,9.933333333333335
1060,2011,11,44,0,187,150.0,37.0,32.60427807486631,13.296434937611409
1061,2011,11,44,1,7,7.0,,24.571428571428573,50.404761904761905
1062,2011,11,44,6,319,240.0,79.0,35.76802507836991,7.177063740856845
1063,2011,11,44,7,944,664.0,280.0,36.684322033898304,8.388259180790962
1064,2011,11,44,8,2430,1716.0,714.0,35.57530864197531,9.44497942386833
1065,2011,11,44,9,2585,1914.0,671.0,34.9183752417795,9.815712443584804
1066,2011,11,44,10,1936,1407.0,529.0,35.53873966942149,11.11519455922864
1067,2011,11,44,11,1923,1334.0,589.0,36.47633905356214,12.725013000520017
1068,2011,11,44,12,2168,1520.0,648.0,35.779981549815496,13.928459409594089
1069,2011,11,44,13,2408,1665.0,743.0,36.03488372093023,14.317275747508308
1070,2011,11,44,14,3032,2221.0,811.0,35.26583113456464,11.92297713280561
1071,2011,11,44,15,2909,2105.0,804.0,35.116191130972844,11.749810931591606
1072,2011,11,44,16,2512,1868.0,644.0,35.10111464968153,11.710828025477694
1073,2011,11,44,17,2304,1611.0,693.0,35.36024305555556,12.279926215277774
1074,2011,11,44,18,2761,1930.0,831.0,34.378848243390074,11.793703971990832
1075,2011,11,44,19,2464,1781.0,683.0,34.04626623376623,11.466118777056243
1076,2011,11,44,20,1785,1279.0,506.0,34.22913165266107,11.073370681605972
1077,2011,11,44,21,1192,877.0,315.0,34.05453020134228,10.357997762863537
1078,2011,11,44,22,812,608.0,204.0,33.254926108374384,9.558538587848934
1079,2011,11,44,23,450,347.0,103.0,33.202222222222225,9.933962962962974
1080,2011,11,45,0,198,138.0,60.0,32.84848484848485,12.669023569023567
1081,2011,11,45,1,6,5.0,1.0,36.333333333333336,42.83888888888888
1082,2011,11,45,6,517,364.0,153.0,35.21083172147002,7.151257253384911
1083,2011,11,45,7,1461,1010.0,451.0,35.73990417522245,8.12792607802876
1084,2011,11,45,8,3528,2509.0,1019.0,35.24433106575964,9.340098261526853
1085,2011,11,45,9,3899,2823.0,1076.0,34.981790202616054,9.262930665982719
1086,2011,11,45,10,2615,1921.0,694.0,36.11357552581262,10.792594008922883
1087,2011,11,45,11,2450,1727.0,723.0,36.5665306122449,11.996816326530624
1088,2011,11,45,12,2540,1811.0,729.0,36.21023622047244,12.77986876640418
1089,2011,11,45,13,2943,2095.0,848.0,35.992184845395855,12.898895684675495
1090,2011,11,45,14,3712,2726.0,986.0,35.363146551724135,11.536247306034493
1091,2011,11,45,15,3827,2841.0,986.0,35.522079958191796,10.893659088929535
1092,2011,11,45,16,3264,2396.0,868.0,35.39705882352941,11.310100081699364
1093,2011,11,45,17,2828,2040.0,788.0,34.96074964639321,11.225595238095261
1094,2011,11,45,18,3534,2469.0,1065.0,33.80418788907753,11.132031692133584
1095,2011,11,45,19,3335,2417.0,918.0,33.85847076461769,10.988010994502769
1096,2011,11,45,20,2539,1800.0,739.0,33.919653406853094,10.8869961927268
1097,2011,11,45,21,1812,1289.0,523.0,33.453090507726266,10.450956585724784
1098,2011,11,45,22,1204,899.0,305.0,33.533222591362126,9.719559800664449
1099,2011,11,45,23,588,447.0,141.0,33.0391156462585,10.15564058956916
1100,2011,11,46,0,215,159.0,56.0,33.89302325581395,11.375968992248064
1101,2011,11,46,1,4,3.0,1.0,32.25,60.5625
1102,2011,11,46,6,509,367.0,142.0,35.47740667976424,7.17347740667976
1103,2011,11,46,7,1441,983.0,458.0,35.9646079111728,8.357194078186444
1104,2011,11,46,8,3644,2557.0,1087.0,35.31229418221734,9.00413922429568
1105,2011,11,46,9,4089,3054.0,1035.0,34.89166055270237,8.835363169479079
1106,2011,11,46,10,2605,1918.0,687.0,35.76928982725528,10.031823416506736
1107,2011,11,46,11,2225,1590.0,635.0,36.24,11.008112359550555
1108,2011,11,46,12,2330,1724.0,606.0,35.75965665236051,11.133462088698156
1109,2011,11,46,13,2772,1965.0,807.0,35.99747474747475,11.973977873977898
1110,2011,11,46,14,3796,2787.0,1009.0,35.535827186512115,11.10163329820864
1111,2011,11,46,15,3696,2765.0,931.0,35.52218614718615,10.80091540404042
1112,2011,11,46,16,3242,2386.0,856.0,35.67951881554596,11.881647131400351
1113,2011,11,46,17,3001,2138.0,863.0,35.452182605798065,11.679951127401974
1114,2011,11,46,18,4138,2949.0,1189.0,34.091831802803284,11.439290317383628
1115,2011,11,46,19,3921,2821.0,1100.0,34.04131599081867,11.397844937515986
1116,2011,11,46,20,2629,1912.0,717.0,34.30848231266641,10.817262583998975
1117,2011,11,46,21,2033,1468.0,565.0,33.79881947860305,10.594285948516166
1118,2011,11,46,22,1309,992.0,317.0,33.783804430863256,10.683193277310922
1119,2011,11,46,23,629,490.0,139.0,33.15262321144674,10.744409114997364
1120,2011,11,47,0,243,196.0,47.0,33.30864197530864,12.9537037037037
1121,2011,11,47,1,3,3.0,,31.333333333333332,54.166666666666664
1122,2011,11,47,6,433,315.0,118.0,35.54965357967667,7.3852193995381015
1123,2011,11,47,7,1207,835.0,372.0,35.52775476387738,7.822990886495447
1124,2011,11,47,8,2945,2084.0,861.0,34.8893039049236,9.004878324844372
1125,2011,11,47,9,3369,2472.0,897.0,34.8913624220837,9.02337983575739
1126,2011,11,47,10,2254,1618.0,636.0,35.6583850931677,10.438110026619325
1127,2011,11,47,11,2142,1499.0,643.0,35.95751633986928,11.164277933395587
1128,2011,11,47,12,2362,1701.0,661.0,36.234970364098224,12.628648038385531
1129,2011,11,47,13,2728,1939.0,789.0,35.722507331378296,12.146383186705778
1130,2011,11,47,14,3462,2463.0,999.0,35.28162911611785,11.255786635855925
1131,2011,11,47,15,3418,2526.0,892.0,35.30778232884728,10.843329432416642
1132,2011,11,47,16,3071,2235.0,836.0,35.077824812764575,11.274226636274827
1133,2011,11,47,17,2790,2010.0,780.0,35.500358422939065,11.851965352449204
1134,2011,11,47,18,3614,2508.0,1106.0,34.1092971776425,11.498238332410992
1135,2011,11,47,19,3568,2573.0,995.0,33.330156950672645,11.248458520179362
1136,2011,11,47,20,2390,1738.0,652.0,33.656485355648535,11.409476987447691
1137,2011,11,47,21,1791,1264.0,527.0,33.69570072585148,10.826447050065138
1138,2011,11,47,22,1159,863.0,296.0,33.59188955996549,10.182067874604556
1139,2011,11,47,23,624,454.0,170.0,32.74038461538461,10.810550213675214
1140,2011,11,48,0,64,48.0,16.0,31.703125,12.573958333333334
1141,2011,11,48,6,241,164.0,77.0,35.829875518672196,6.550138312586443
1142,2011,11,48,7,641,438.0,203.0,35.834633385335415,7.634997399895994
1143,2011,11,48,8,1730,1234.0,496.0,34.51329479768786,8.757341040462421
1144,2011,11,48,9,2053,1547.0,506.0,34.57282026302971,8.409457704172766
1145,2011,11,48,10,1190,901.0,289.0,34.95126050420168,9.074873949579832
1146,2011,11,48,11,980,744.0,236.0,36.17040816326531,9.807465986394558
1147,2011,11,48,12,1040,774.0,266.0,36.48653846153846,10.716923076923068
1148,2011,11,48,13,1317,999.0,318.0,35.605922551252846,10.652151354087586
1149,2011,11,48,14,1981,1517.0,464.0,35.56587582029278,10.092831903079222
1150,2011,11,48,15,1981,1519.0,462.0,35.412417970721854,10.425904425374393
1151,2011,11,48,16,1605,1195.0,410.0,35.829283489096575,10.235752855659376
1152,2011,11,48,17,1435,1069.0,366.0,35.378397212543554,11.231416957026708
1153,2011,11,48,18,2012,1435.0,577.0,33.83151093439364,10.829821073558628
1154,2011,11,48,19,2099,1488.0,611.0,33.42544068604097,11.313411148165795
1155,2011,11,48,20,1434,1026.0,408.0,33.69386331938633,10.68936541143655
1156,2011,11,48,21,970,692.0,278.0,33.27628865979381,10.319810996563582
1157,2011,11,48,22,566,426.0,140.0,32.763250883392224,9.593138987043586
1158,2011,11,48,23,256,193.0,63.0,33.22265625,9.10319010416667
1159,2011,12,48,0,152,111.0,41.0,32.94078947368421,13.538706140350873
1160,2011,12,48,1,1,1.0,,22.0,56.733333333333334
1161,2011,12,48,6,195,141.0,54.0,36.01025641025641,6.732649572649574
1162,2011,12,48,7,546,386.0,160.0,35.6996336996337,8.420207570207573
1163,2011,12,48,8,1360,966.0,394.0,35.086029411764706,8.795208333333346
1164,2011,12,48,9,1726,1297.0,429.0,35.61181923522596,8.88417342603322
1165,2011,12,48,10,1250,915.0,335.0,35.5984,10.443613333333328
1166,2011,12,48,11,1214,859.0,355.0,36.72158154859967,11.732550796265791
1167,2011,12,48,12,1343,956.0,387.0,36.71407297096054,13.435815338793759
1168,2011,12,48,13,1434,993.0,441.0,36.191771269177124,12.979067875406798
1169,2011,12,48,14,2013,1434.0,579.0,35.1833084947839,11.487075674780598
1170,2011,12,48,15,2016,1459.0,557.0,35.611111111111114,11.30805224867724
1171,2011,12,48,16,1650,1184.0,466.0,35.09030303030303,11.886868686868683
1172,2011,12,48,17,1486,1047.0,439.0,34.82368775235532,12.327703005832197
1173,2011,12,48,18,1891,1332.0,559.0,34.079851930195666,11.990586991010028
1174,2011,12,48,19,1776,1257.0,519.0,33.83445945945946,11.742961711711681
1175,2011,12,48,20,1269,905.0,364.0,33.996059889676914,11.493117940635672
1176,2011,12,48,21,923,640.0,283.0,33.78331527627302,11.493228602383532
1177,2011,12,48,22,681,522.0,159.0,33.375917767988255,10.667963778756734
1178,2011,12,48,23,328,247.0,81.0,33.698170731707314,10.257825203252029
1179,2011,12,49,0,257,198.0,59.0,32.190661478599225,12.586640726329447
1180,2011,12,49,1,5,5.0,,35.6,53.65666666666667
1181,2011,12,49,6,392,279.0,113.0,36.7219387755102,7.176105442176868
1182,2011,12,49,7,1236,869.0,367.0,35.779126213592235,8.048530204962244
1183,2011,12,49,8,3489,2475.0,1014.0,34.84006878761823,9.062916786089604
1184,2011,12,49,9,3842,2792.0,1050.0,34.90135346173868,9.121902654867277
1185,2011,12,49,10,2603,1908.0,695.0,35.435651171724935,10.000537840952747
1186,2011,12,49,11,2309,1647.0,662.0,35.93590298830662,11.032539338819102
1187,2011,12,49,12,2411,1764.0,647.0,36.163002903359605,12.171477948292516
1188,2011,12,49,13,2923,2128.0,795.0,36.18200478959972,12.048882426730538
1189,2011,12,49,14,3855,2852.0,1003.0,35.10402075226978,11.153484651967139
1190,2011,12,49,15,3826,2870.0,956.0,35.277835859905906,11.168609513852553
1191,2011,12,49,16,3299,2409.0,890.0,35.23279781752046,11.665600687076905
1192,2011,12,49,17,3061,2168.0,893.0,34.78373080692584,11.758085592943454
1193,2011,12,49,18,3959,2857.0,1102.0,33.94948219247285,11.648766523532887
1194,2011,12,49,19,4025,2836.0,1189.0,34.07304347826087,11.999262939958578
1195,2011,12,49,20,2926,2100.0,826.0,34.06288448393712,12.17353611300982
1196,2011,12,49,21,2043,1479.0,564.0,33.81546744982868,11.373445912873226
1197,2011,12,49,22,1298,960.0,338.0,33.06548536209553,11.35416024653312
1198,2011,12,49,23,717,537.0,180.0,32.71408647140865,10.144142259414226
1199,2011,12,50,0,241,175.0,66.0,33.045643153526974,12.207123098201942
1200,2011,12,50,1,3,3.0,,27.333333333333332,67.74444444444444
1201,2011,12,50,6,347,255.0,92.0,36.636887608069166,6.8675792507204685
1202,2011,12,50,7,944,653.0,291.0,36.684322033898304,8.189459745762717
1203,2011,12,50,8,2884,2109.0,775.0,34.883495145631066,9.161540684234856
1204,2011,12,50,9,3630,2662.0,968.0,34.9633608815427,9.101225895316817
1205,2011,12,50,10,2584,1863.0,721.0,35.48490712074303,9.89431114551085
1206,2011,12,50,11,2311,1692.0,619.0,36.67719601903938,11.59409346603203
1207,2011,12,50,12,2475,1812.0,663.0,36.67515151515151,12.11171043771042
1208,2011,12,50,13,2901,2118.0,783.0,36.17063081695967,12.389945995633687
1209,2011,12,50,14,3717,2718.0,999.0,35.63034705407587,11.224849789256554
1210,2011,12,50,15,3825,2800.0,1025.0,35.092549019607844,11.359651416121995
1211,2011,12,50,16,3238,2374.0,864.0,35.26374305126621,11.549948527897891
1212,2011,12,50,17,2941,2040.0,901.0,35.129547772866374,11.924079111413361
1213,2011,12,50,18,3926,2776.0,1150.0,34.30183392766174,11.532042791645448
1214,2011,12,50,19,3809,2667.0,1142.0,34.07429771593594,11.722805635774895
1215,2011,12,50,20,2759,1980.0,779.0,33.90395070677782,10.9499637549837
1216,2011,12,50,21,1825,1325.0,500.0,34.24328767123288,10.785059360730601
1217,2011,12,50,22,1129,852.0,277.0,33.37909654561559,9.993962208444048
1218,2011,12,50,23,682,518.0,164.0,32.79325513196481,9.895723362658858
1219,2011,12,51,0,173,123.0,50.0,33.70520231213873,13.12928709055877
1220,2011,12,51,1,2,1.0,1.0,30.5,49.18333333333334
1221,2011,12,51,6,243,193.0,50.0,35.888888888888886,7.446776406035666
1222,2011,12,51,7,710,518.0,192.0,35.11267605633803,7.868967136150245
1223,2011,12,51,8,2217,1665.0,552.0,34.6531348669373,8.354901518568646
1224,2011,12,51,9,2722,2034.0,688.0,34.49375459221161,8.723163115356336
1225,2011,12,51,10,1904,1409.0,495.0,35.66228991596638,9.921034663865543
1226,2011,12,51,11,1708,1269.0,439.0,36.77400468384075,10.942222872755655
1227,2011,12,51,12,2002,1461.0,541.0,37.187812187812185,11.470987345987334
1228,2011,12,51,13,2414,1796.0,618.0,36.97721623860812,12.000731842032586
1229,2011,12,51,14,3274,2464.0,810.0,35.775198533903485,11.1370087558542
1230,2011,12,51,15,3151,2420.0,731.0,35.68581402729292,10.870305723050848
1231,2011,12,51,16,2688,1994.0,694.0,35.62388392857143,11.1296378968254
1232,2011,12,51,17,2464,1775.0,689.0,35.41152597402598,11.2418492965368
1233,2011,12,51,18,3073,2144.0,929.0,34.169541164985354,11.156432367935775
1234,2011,12,51,19,2902,2145.0,757.0,33.64369400413508,11.440828164484241
1235,2011,12,51,20,1919,1412.0,507.0,34.03856175091193,10.99984366857741
1236,2011,12,51,21,1410,1031.0,379.0,33.67304964539007,10.625910165484617
1237,2011,12,51,22,790,608.0,182.0,33.11392405063291,10.164556962025316
1238,2011,12,51,23,452,338.0,114.0,32.296460176991154,10.452249262536867
1239,2011,12,52,0,98,81.0,17.0,31.285714285714285,11.761394557823133
1240,2011,12,52,1,1,1.0,,26.0,60.13333333333333
1241,2011,12,52,6,158,115.0,43.0,36.63291139240506,7.469198312236291
1242,2011,12,52,7,482,366.0,116.0,36.273858921161825,8.738831258644536
1243,2011,12,52,8,1390,1021.0,369.0,34.70071942446043,8.411822541966428
1244,2011,12,52,9,1830,1391.0,439.0,34.90874316939891,8.560573770491816
1245,2011,12,52,10,1254,917.0,337.0,35.750398724082935,9.627870813397143
1246,2011,12,52,11,1212,900.0,312.0,36.87293729372937,10.550990099009901
1247,2011,12,52,12,1401,1070.0,331.0,36.60670949321913,11.848846062336408
1248,2011,12,52,13,1655,1249.0,406.0,36.50453172205438,11.386636455186292
1249,2011,12,52,14,2234,1691.0,543.0,35.4189794091316,11.63181886004179
1250,2011,12,52,15,2334,1745.0,589.0,35.13581833761782,11.527499285918315
1251,2011,12,52,16,1745,1298.0,447.0,35.227507163323786,11.790687679083089
1252,2011,12,52,17,1776,1281.0,495.0,35.17961711711712,12.132892267267284
1253,2011,12,52,18,2183,1553.0,630.0,33.719651855245075,11.507443884562546
1254,2011,12,52,19,1913,1409.0,504.0,33.84161003659174,11.405035720508799
1255,2011,12,52,20,1196,856.0,340.0,34.2056856187291,11.330504459308798
1256,2011,12,52,21,833,613.0,220.0,34.09963985594238,11.468427370948394
1257,2011,12,52,22,524,398.0,126.0,33.70038167938932,10.663804071246808
1258,2011,12,52,23,296,240.0,56.0,33.2027027027027,11.359234234234238
